recno,HD,HR,HIP,Fl,Bayer,Cst,SimbadName
1,28,3,443,33,,Psc,HD     28
2,87,4,476,86,,Peg,HD     87
3,144,7,531,10,,Cas,HD    144
4,315,11,635,4,,Cet,HD    315
5,352,14,664,5,,Cet,HD    352
6,358,15,677,21,alf,And,HD    358
7,432,21,746,11,bet,Cas,HD    432
8,448,22,729,87,,Peg,HD    448
9,493,24,761,,kap01,Scl,HD    493
10,496,25,765,,eps,Phe,HD    496
11,560,26,813,34,,Psc,HD    560
12,571,27,841,22,,And,HD    571
13,636,30,814,,gam03,Oct,HD    636
14,693,33,910,6,,Cet,HD    693
15,720,34,930,,kap02,Scl,HD    720
16,739,35,950,,the,Scl,HD    739
17,886,39,1067,88,gam,Peg,HD    886
18,905,41,1086,23,,And,HD    905
19,1013,45,1168,89,chi,Peg,HD   1013
20,1038,48,1170,7,,Cet,HD   1038
21,1061,50,1196,35,,Psc,HD   1061
22,1227,59,1319,36,,Psc,HD   1227
23,1280,63,1366,24,the,And,HD   1280
24,1317,,1392,38,,Psc,HD   1317
25,1337,65,1415,,AO,Cas,HD   1337
26,1404,68,1473,25,sig,And,HD   1404
27,1438,70,1501,26,,And,HD   1438
28,1522,74,1562,8,iot,Cet,HD   1522
29,1563,,1595,40,,Psc,HD   1563
30,1581,77,1599,,zet,Tuc,HD   1581
31,1635,80,1645,41,d,Psc,HD   1635
32,1671,82,1686,27,rho,And,HD   1671
33,1685,83,1647,,pi.,Tuc,HD   1685
34,1737,84,1708,,iot,Scl,HD   1737
35,1760,85,1728,,T,Cet,HD   1760
36,1796,86,1772,42,,Psc,HD   1796
37,1835,88,1803,9,,Cet,HD   1835
39,2011,93,1960,12,,Cas,HD   2011
40,2051,,1902,,ksi,Tuc,HD   2051
41,2114,97,2006,44,,Psc,HD   2114
42,2140,,2025,45,,Psc,HD   2140
43,2151,98,2021,,bet,Hyi,HD   2151
44,2261,99,2081,,alf,Phe,HD   2261
45,2262,100,2072,,kap,Phe,HD   2262
46,2273,101,2100,10,,Cet,HD   2273
47,2410,,2213,46,,Psc,HD   2410
48,2411,103,2219,47,TV,Psc,HD   2411
49,2429,105,2210,,eta,Scl,HD   2429
50,2436,106,2224,48,,Psc,HD   2436
51,2628,114,2355,28,,And,HD   2628
52,2637,117,2353,12,,Cet,HD   2637
53,2729,121,2474,13,,Cas,HD   2729
54,2772,123,2505,14,lam,Cas,HD   2772
55,2834,125,2472,,lam01,Phe,HD   2834
56,2884,126,2484,,bet01,Tuc,HD   2884
57,2885,127,2487,,bet02,Tuc,HD   2885
58,2905,130,2599,15,kap,Cas,HD   2905
59,2910,131,2568,52,,Psc,HD   2910
60,2913,132,2548,51,,Psc,HD   2913
61,3003,136,2578,,bet03,Tuc,HD   3003
62,3038,137,2707,16,,Cas,HD   3038
63,3112,139,2629,,the,Tuc,HD   3112
64,3196,142,2762,13,,Cet,HD   3196
65,3229,143,2787,14,,Cet,HD   3229
66,3302,147,2802,,lam02,Phe,HD   3302
67,3360,153,2920,17,zet,Cas,HD   3360
68,3369,154,2912,29,pi.,And,HD   3369
69,3379,155,2903,53,,Psc,HD   3379
70,3512,,2994,15,,Cet,HD   3512
71,3546,163,3031,30,eps,And,HD   3546
72,3627,165,3092,31,del,And,HD   3627
73,3651,166,3093,54,,Psc,HD   3651
74,3690,167,3138,55,,Psc,HD   3690
75,3712,168,3179,18,alf,Cas,HD   3712
76,3817,175,3231,32,,And,HD   3817
77,3901,179,3300,19,ksi,Cas,HD   3901
78,3919,180,3245,,mu.,Phe,HD   3919
79,3980,183,3277,,ksi,Phe,HD   3980
80,4058,184,3414,20,pi.,Cas,HD   4058
81,4065,185,3356,,lam01,Scl,HD   4065
82,4089,187,3330,,rho,Tuc,HD   4089
83,4128,188,3419,16,bet,Cet,HD   4128
84,4142,189,3478,68,,Cas,HD   4142
85,4150,191,3405,,eta,Phe,HD   4150
86,4161,192,3572,21,YZ,Cas,HD   4161
87,4180,193,3504,22,omi,Cas,HD   4180
88,4188,194,3455,17,phi01,Cet,HD   4188
89,4211,195,3456,,lam02,Scl,HD   4211
90,4307,203,3559,18,,Cet,HD   4307
91,4382,208,3721,23,,Cas,HD   4382
92,4408,211,3632,57,,Psc,HD   4408
93,4482,213,3675,58,,Psc,HD   4482
94,4490,214,3685,59,,Psc,HD   4490
95,4502,215,3693,34,zet,And,HD   4502
96,4526,216,3697,60,,Psc,HD   4526
97,4568,217,3730,61,,Psc,HD   4568
98,4614,219,3821,24,eta,Cas,HD   4614
99,4627,221,3760,62,,Psc,HD   4627
100,4636,223,3801,25,nu.,Cas,HD   4636
101,4656,224,3786,63,del,Psc,HD   4656
102,4676,225,3810,64,,Psc,HD   4676
103,4727,226,3881,35,nu.,And,HD   4727
104,4757,230,3885,65,i,Psc,HD   4757
106,4813,235,3909,19,phi02,Cet,HD   4813
107,4815,236,3781,,lam,Hyi,HD   4815
108,4919,242,3949,,rho,Phe,HD   4919
109,5112,248,4147,20,,Cet,HD   5112
110,5190,252,4084,,lam01,Tuc,HD   5190
111,5234,253,4292,26,ups01,Cas,HD   5234
112,5267,254,4267,66,,Psc,HD   5267
113,5268,255,4257,21,,Cet,HD   5268
114,5286,258,4288,36,,And,HD   5286
115,5382,262,4366,67,k,Psc,HD   5382
116,5394,264,4427,27,gam,Cas,HD   5394
117,5395,265,4422,28,ups02,Cas,HD   5395
118,5437,267,4371,22,phi03,Cet,HD   5437
119,5448,269,4436,37,mu.,And,HD   5448
120,5457,270,4293,,lam02,Tuc,HD   5457
121,5516,271,4463,38,eta,And,HD   5516
122,5575,274,4510,68,h,Psc,HD   5575
123,5679,,4843,,ups,Cep,HD   5679
124,5722,279,4587,23,phi04,Cet,HD   5722
125,5737,280,4577,,alf,Scl,HD   5737
126,5848,285,5372,2,,UMi,HD   5848
127,6055,288,4770,,ksi,Scl,HD   6055
128,6116,290,4903,39,,And,HD   6116
129,6118,291,4889,69,sig,Psc,HD   6118
130,6178,293,4852,,sig,Scl,HD   6178
131,6186,294,4906,71,eps,Psc,HD   6186
132,6192,295,4829,,ome,Phe,HD   6192
133,6203,296,4914,25,,Cet,HD   6203
134,6288,301,4979,26,,Cet,HD   6288
135,6386,307,5074,73,,Psc,HD   6386
136,6397,308,5081,72,,Psc,HD   6397
137,6456,310,5131,74,psi01,Psc,HD   6456
138,6457,311,5132,74,psi01,Psc,HD   6457
139,6476,,5175,76,,Psc,HD   6476
140,6479,313,5141,77,,Psc,HD   6479
141,6480,314,5144,77,,Psc,HD   6480
142,6482,315,5121,27,,Cet,HD   6482
143,6530,317,5164,28,,Cet,HD   6530
144,6557,319,5204,75,,Psc,HD   6557
145,6582,321,5336,30,mu.,Cas,HD   6582
146,6595,322,5165,,bet,Phe,HD   6595
147,6658,324,5317,41,,And,HD   6658
148,6680,327,5319,78,,Psc,HD   6680
149,6695,328,5310,79,psi02,Psc,HD   6695
150,6706,329,5296,30,,Cet,HD   6706
151,6734,,5315,29,,Cet,HD   6734
152,6763,330,5346,80,e,Psc,HD   6763
153,6767,331,5300,,ups,Phe,HD   6767
154,6793,332,5268,,iot,Tuc,HD   6793
155,6805,334,5364,31,eta,Cet,HD   6805
156,6811,335,5434,42,phi,And,HD   6811
157,6829,336,5518,31,,Cas,HD   6829
158,6860,337,5447,43,bet,And,HD   6860
159,6882,338,5348,,zet,Phe,HD   6882
160,6903,339,5454,81,psi03,Psc,HD   6903
161,6920,340,5493,44,,And,HD   6920
162,6961,343,5542,33,the,Cas,HD   6961
163,6972,345,5589,32,,Cas,HD   6972
164,6976,346,5485,32,,Cet,HD   6976
165,7014,347,5510,33,,Cet,HD   7014
166,7019,348,5550,45,,And,HD   7019
167,7034,349,5544,82,g,Psc,HD   7034
168,7087,351,5571,84,chi,Psc,HD   7087
169,7106,352,5586,83,tau,Psc,HD   7106
170,7147,353,5594,34,,Cet,HD   7147
171,7218,,5646,35,,Cet,HD   7218
172,7318,360,5742,85,phi,Psc,HD   7318
173,7344,361,5737,86,zet,Psc,HD   7344
174,7345,362,5743,86,zet,Psc,HD   7345
175,7374,364,5778,87,,Psc,HD   7374
176,7439,366,5799,37,,Cet,HD   7439
177,7446,367,5824,88,,Psc,HD   7446
178,7476,368,5833,38,,Cet,HD   7476
179,7570,370,5862,,nu.,Phe,HD   7570
180,7672,373,5951,39,,Cet,HD   7672
181,7727,,5985,40,,Cet,HD   7727
183,7788,377,5896,,kap,Tuc,HD   7788
184,7804,378,6061,89,f,Psc,HD   7804
185,7927,382,6242,34,phi,Cas,HD   7927
186,7964,383,6193,90,ups,Psc,HD   7964
187,8003,384,6312,35,,Cas,HD   8003
188,8036,385,6226,42,,Cet,HD   8036
189,8126,389,6315,91,l,Psc,HD   8126
190,8207,390,6411,46,ksi,And,HD   8207
191,8335,393,6429,43,,Cet,HD   8335
192,8374,395,6514,47,,And,HD   8374
193,8491,399,6692,36,psi,Cas,HD   8491
194,8511,401,6539,44,,Cet,HD   8511
195,8512,402,6537,45,the,Cet,HD   8512
196,8538,403,6686,37,del,Cas,HD   8538
197,8705,412,6670,46,,Cet,HD   8705
198,8723,413,6706,93,rho,Psc,HD   8723
199,8763,414,6732,94,,Psc,HD   8763
200,8799,417,6813,48,ome,And,HD   8799
201,8829,421,6748,47,,Cet,HD   8829
202,8875,,6815,95,,Psc,HD   8875
203,8879,423,6759,,R,Scl,HD   8879
204,8890,424,11767,1,alf,UMi,HD   8890
205,9021,427,7078,38,,Cas,HD   9021
206,9053,429,6867,,gam,Phe,HD   9053
207,9057,430,6999,49,A,And,HD   9057
208,9100,432,6981,97,,Psc,HD   9100
209,9132,433,6960,48,,Cet,HD   9132
210,9138,434,7007,98,mu.,Psc,HD   9138
211,9270,437,7097,99,eta,Psc,HD   9270
212,9362,440,7083,,del,Phe,HD   9362
213,9408,442,7294,39,chi,Cas,HD   9408
214,9656,,7364,100,,Psc,HD   9656
215,9672,451,7345,49,,Cet,HD   9672
216,9766,455,7436,101,,Psc,HD   9766
217,9774,456,7650,40,,Cas,HD   9774
218,9826,458,7513,50,ups,And,HD   9826
219,9856,459,7450,50,,Cet,HD   9856
220,9906,462,7463,,tau,Scl,HD   9906
221,9919,463,7535,102,pi.,Psc,HD   9919
222,9927,464,7607,51,,And,HD   9927
223,10072,469,7719,52,chi,And,HD  10072
224,10135,,7710,104,,Psc,HD  10135
225,10144,472,7588,,alf,Eri,HD  10144
226,10164,475,7740,105,,Psc,HD  10164
227,10205,477,7818,53,tau,And,HD  10205
228,10221,478,7965,43,,Cas,HD  10221
229,10250,480,8016,42,,Cas,HD  10250
230,10360,486,7751,,p,Eri,HD  10360
232,10380,489,7884,106,nu.,Psc,HD  10380
233,10425,491,8046,44,,Cas,HD  10425
234,10476,493,7981,107,,Psc,HD  10476
235,10516,496,8068,,phi,Per,HD  10516
236,10537,497,7955,,pi.,Scl,HD  10537
237,10647,506,7978,,q01,Eri,HD  10647
238,10697,508,8159,109,,Psc,HD  10697
239,10700,509,8102,52,tau,Cet,HD  10700
240,10761,510,8198,110,omi,Psc,HD  10761
241,10830,514,8209,,eps,Scl,HD  10830
242,10845,515,8271,3,,Ari,HD  10845
243,10859,516,7879,,tau01,Hyi,HD  10859
244,10934,519,8240,120,,Phe,HD  10934
245,10939,520,8241,,q02,Eri,HD  10939
246,10982,522,8387,4,,Ari,HD  10982
247,11154,530,8544,1,,Ari,HD  11154
249,11171,531,8497,53,chi,Cet,HD  11171
250,11241,533,8704,1,,Per,HD  11241
251,11257,534,8588,54,,Cet,HD  11257
252,11291,536,8714,2,,Per,HD  11291
253,11353,539,8645,55,zet,Cet,HD  11353
254,11415,542,8886,45,eps,Cas,HD  11415
255,11428,543,8814,55,,And,HD  11428
256,11443,544,8796,2,alf,Tri,HD  11443
257,11502,546,8832,5,gam01,Ari,HD  11502
259,11529,548,9009,46,ome,Cas,HD  11529
260,11559,549,8833,111,ksi,Psc,HD  11559
261,11604,550,8366,,tau02,Hyi,HD  11604
262,11636,553,8903,6,bet,Ari,HD  11636
263,11695,555,8837,,psi,Phe,HD  11695
264,11733,,8751,,eta01,Hyi,HD  11733
265,11749,557,9021,56,,And,HD  11749
266,11753,558,8882,,phi,Phe,HD  11753
267,11763,559,8993,7,,Ari,HD  11763
268,11909,563,9110,8,iot,Ari,HD  11909
269,11930,565,9061,56,,Cet,HD  11930
270,11937,566,9007,,chi,Eri,HD  11937
271,11949,568,9222,3,,Per,HD  11949
272,11973,569,9153,9,lam,Ari,HD  11973
273,11977,570,8928,,eta02,Hyi,HD  11977
274,12020,,9165,58,,Cet,HD  12020
275,12021,,9155,58,,Cet,HD  12021
276,12111,575,9480,48,A,Cas,HD  12111
277,12211,,9383,,chi,Tri,HD  12211
278,12216,580,9598,50,,Cas,HD  12216
279,12230,581,9727,47,,Cas,HD  12230
280,12235,582,9353,112,,Psc,HD  12235
281,12255,583,9326,57,,Cet,HD  12255
282,12274,585,9347,59,ups,Cet,HD  12274
283,12279,586,9564,52,,Cas,HD  12279
284,12301,589,9573,53,,Cas,HD  12301
285,12303,590,9505,4,g,Per,HD  12303
286,12311,591,9236,,alf,Hyi,HD  12311
287,12339,592,9763,49,,Cas,HD  12339
288,12363,593,8991,,sig,Hyi,HD  12363
289,12438,594,9440,,pi.,For,HD  12438
290,12446,595,9487,113,alf,Psc,HD  12446
292,12471,599,9570,3,eps,Tri,HD  12471
293,12524,602,9459,,chi,Phe,HD  12524
294,12533,603,9640,57,gam01,And,HD  12533
296,12558,605,9621,10,,Ari,HD  12558
297,12573,607,9589,60,,Cet,HD  12573
298,12641,610,9631,61,,Cet,HD  12641
299,12767,612,9677,,nu.,For,HD  12767
300,12800,,10031,54,,Cas,HD  12800
301,12869,613,9836,12,kap,Ari,HD  12869
302,12885,615,9859,11,,Ari,HD  12885
303,12929,617,9884,13,alf,Ari,HD  12929
304,13041,620,9977,58,,And,HD  13041
305,13161,622,10064,4,bet,Tri,HD  13161
306,13174,623,10053,14,,Ari,HD  13174
307,13267,627,10227,5,,Per,HD  13267
308,13294,628,10176,59,,And,HD  13294
309,13295,629,10180,59,,And,HD  13295
310,13325,631,10155,15,,Ari,HD  13325
311,13363,633,10203,16,,Ari,HD  13363
312,13372,634,10220,5,,Tri,HD  13372
313,13421,635,10212,64,,Cet,HD  13421
314,13468,639,10234,63,,Cet,HD  13468
315,13474,640,10438,55,,Cas,HD  13474
316,13480,642,10280,6,,Tri,HD  13480
317,13520,643,10340,60,b,And,HD  13520
318,13530,645,10366,6,,Per,HD  13530
319,13555,646,10306,17,eta,Ari,HD  13555
320,13596,648,10328,19,,Ari,HD  13596
321,13611,649,10324,65,ksi01,Cet,HD  13611
322,13612,650,10305,66,,Cet,HD  13612
323,13709,652,10320,,mu.,For,HD  13709
324,13869,655,10559,7,,Tri,HD  13869
325,13871,656,10540,20,,Ari,HD  13871
326,13872,657,10535,21,,Ari,HD  13872
327,13974,660,10644,8,del,Tri,HD  13974
328,13982,661,10718,8,,Per,HD  13982
329,13994,662,10729,7,chi,Per,HD  13994
330,14055,664,10670,9,gam,Tri,HD  14055
331,14129,666,10642,67,,Cet,HD  14129
332,14141,667,10418,,pi.01,Hyi,HD  14141
333,14191,669,10732,22,the,Ari,HD  14191
334,14212,670,10819,62,c,And,HD  14212
335,14228,674,10602,,phi,Eri,HD  14228
336,14252,675,10793,10,,Tri,HD  14252
337,14287,678,10513,,pi.02,Hyi,HD  14287
338,14386,681,10826,68,omi,Cet,HD  14386
339,14392,682,10944,63,,And,HD  14392
340,14489,685,11060,9,i,Per,HD  14489
341,14652,689,11021,69,,Cet,HD  14652
342,14690,691,11046,70,,Cet,HD  14690
343,14770,694,11220,64,,And,HD  14770
344,14802,695,11072,,kap,For,HD  14802
345,14818,696,11279,10,,Per,HD  14818
346,14872,699,11313,65,,And,HD  14872
347,14951,702,11249,24,ksi,Ari,HD  14951
348,15004,704,11261,71,,Cet,HD  15004
349,15008,705,11001,,del,Hyi,HD  15008
350,15089,707,11569,,iot,Cas,HD  15089
351,15130,708,11345,72,rho,Cet,HD  15130
352,15138,709,11465,66,,And,HD  15138
353,15176,712,11432,11,,Tri,HD  15176
354,15228,,11427,25,,Ari,HD  15228
355,15233,714,11258,,lam,Hor,HD  15233
356,15248,715,11095,,kap,Hyi,HD  15248
357,15257,717,11486,12,,Tri,HD  15257
358,15318,718,11484,73,ksi02,Cet,HD  15318
359,15335,720,11548,13,,Tri,HD  15335
360,15371,721,11407,,kap,Eri,HD  15371
361,15427,724,11477,,phi,For,HD  15427
362,15550,729,11678,26,,Ari,HD  15550
363,15596,731,11698,27,,Ari,HD  15596
364,15656,736,11784,14,,Tri,HD  15656
365,15779,739,11791,75,,Cet,HD  15779
366,15798,740,11783,76,sig,Cet,HD  15798
367,15814,741,11843,29,,Ari,HD  15814
368,15975,744,11867,,lam01,For,HD  15975
369,16046,749,11918,,ome,For,HD  16046
370,16058,750,12086,15,,Tri,HD  16058
371,16074,752,12002,77,,Cet,HD  16074
372,16141,,12048,79,,Cet,HD  16141
373,16161,754,12093,78,nu.,Cet,HD  16161
374,16212,759,12107,80,,Cet,HD  16212
375,16232,764,12184,30,,Ari,HD  16232
376,16234,763,12153,31,,Ari,HD  16234
377,16246,765,12189,30,,Ari,HD  16246
378,16307,767,12122,,iot01,For,HD  16307
379,16400,771,12247,81,,Cet,HD  16400
380,16417,772,12186,,lam02,For,HD  16417
381,16432,773,12332,32,nu.,Ari,HD  16432
382,16522,776,11757,,mu.,Hyi,HD  16522
383,16538,777,12288,,iot02,For,HD  16538
384,16555,778,12225,,eta,Hor,HD  16555
385,16582,779,12387,82,del,Cet,HD  16582
386,16620,781,12390,83,eps,Cet,HD  16620
387,16628,782,12489,33,,Ari,HD  16628
388,16727,785,12692,11,,Per,HD  16727
389,16739,788,12623,12,,Per,HD  16739
390,16754,789,12413,,s,Eri,HD  16754
391,16765,790,12530,84,,Cet,HD  16765
392,16811,793,12640,34,mu.,Ari,HD  16811
393,16815,794,12486,,iot,Eri,HD  16815
394,16861,797,12647,85,,Cet,HD  16861
395,16895,799,12777,13,the,Per,HD  16895
396,16901,800,12768,14,,Per,HD  16901
397,16908,801,12719,35,,Ari,HD  16908
398,16920,802,12484,,zet,Hor,HD  16920
399,16970,804,12706,86,gam,Cet,HD  16970
400,16978,806,12394,,eps,Hyi,HD  16978
401,17017,808,12784,36,,Ari,HD  17017
402,17036,809,12803,37,omi,Ari,HD  17036
403,17051,810,12653,,iot,Hor,HD  17051
404,17081,811,12770,89,pi.,Cet,HD  17081
405,17093,812,12832,38,,Ari,HD  17093
406,17094,813,12828,87,mu.,Cet,HD  17094
407,17138,815,13133,,RZ,Cas,HD  17138
408,17206,818,12843,1,tau01,Eri,HD  17206
409,17361,824,13061,39,,Ari,HD  17361
410,17459,828,13108,40,,Ari,HD  17459
411,17463,829,13367,,SU,Cas,HD  17463
412,17504,833,12871,,gam,Hor,HD  17504
413,17506,834,13268,15,eta,Per,HD  17506
414,17528,835,13040,,eta01,For,HD  17528
415,17543,836,13165,42,pi.,Ari,HD  17543
416,17566,837,12876,,zet,Hyi,HD  17566
417,17573,838,13209,41,c,Ari,HD  17573
418,17584,840,13254,16,,Per,HD  17584
419,17652,841,13147,,bet,For,HD  17652
420,17709,843,13328,17,,Per,HD  17709
421,17713,844,13197,,gam01,For,HD  17713
422,17729,845,13202,,gam02,For,HD  17729
423,17769,847,13327,43,sig,Ari,HD  17769
424,17793,848,13225,,eta02,For,HD  17793
425,17824,850,13288,2,tau02,Eri,HD  17824
426,17829,851,13265,,eta03,For,HD  17829
427,17848,852,13141,,nu.,Hor,HD  17848
428,17878,854,13531,18,tau,Per,HD  17878
430,17904,855,13490,20,,Per,HD  17904
431,18091,,13579,44,rho01,Ari,HD  18091
432,18149,863,13473,,psi,For,HD  18149
433,18191,867,13654,45,,Ari,HD  18191
434,18256,869,13702,46,rho,Ari,HD  18256
435,18293,872,13244,,nu.,Hyi,HD  18293
436,18296,873,13775,21,,Per,HD  18296
437,18322,874,13701,3,eta,Eri,HD  18322
438,18404,878,13834,47,,Ari,HD  18404
439,18411,879,13879,22,pi.,Per,HD  18411
440,18449,882,13905,24,,Per,HD  18449
441,18454,883,13782,4,,Eri,HD  18454
442,18519,887,13914,48,eps,Ari,HD  18519
444,18535,889,13835,6,,Eri,HD  18535
445,18604,896,13954,91,lam,Cet,HD  18604
446,18622,897,13847,,the01,Eri,HD  18622
448,18633,899,13951,5,,Eri,HD  18633
449,18692,901,13942,,zet,For,HD  18692
450,18760,904,14040,7,,Eri,HD  18760
451,18769,905,14109,49,,Ari,HD  18769
452,18784,907,14060,8,rho01,Eri,HD  18784
453,18803,,14150,51,,Ari,HD  18803
454,18866,909,13884,,bet,Hor,HD  18866
455,18883,910,14143,93,,Cet,HD  18883
456,18884,911,14135,92,alf,Cet,HD  18884
457,18907,914,14086,,eps,For,HD  18907
458,18925,915,14328,23,gam,Per,HD  18925
460,18953,917,14168,9,rho02,Eri,HD  18953
461,18970,918,14382,,k,Per,HD  18970
462,18978,919,14146,11,tau03,Eri,HD  18978
463,19058,921,14354,25,rho,Per,HD  19058
464,19107,925,14293,10,rho03,Eri,HD  19107
465,19134,927,14376,52,,Ari,HD  19134
467,19319,934,14240,,mu.,Hor,HD  19319
468,19356,936,14576,26,bet,Per,HD  19356
469,19373,937,14632,,iot,Per,HD  19373
470,19374,938,14514,53,,Ari,HD  19374
471,19400,939,14131,,the,Hyi,HD  19400
472,19460,940,14586,54,,Ari,HD  19460
473,19476,941,14668,27,kap,Per,HD  19476
474,19548,944,14677,55,,Ari,HD  19548
475,19656,947,14817,28,ome,Per,HD  19656
476,19787,951,14838,57,del,Ari,HD  19787
477,19832,954,14893,56,,Ari,HD  19832
478,19926,958,14915,,g,Tau,HD  19926
479,19994,962,14954,94,,Cet,HD  19994
480,20010,963,14879,,alf,For,HD  20010
481,20150,972,15110,58,zet,Ari,HD  20150
482,20315,982,15338,30,,Per,HD  20315
483,20320,984,15197,13,zet,Eri,HD  20320
484,20365,987,15404,29,,Per,HD  20365
485,20395,988,15244,14,,Eri,HD  20395
486,20418,989,15444,31,,Per,HD  20418
487,20559,992,15383,95,,Cet,HD  20559
488,20610,994,15382,15,,Eri,HD  20610
489,20618,995,15514,59,,Ari,HD  20618
490,20630,996,15457,96,kap,Cet,HD  20630
491,20663,1000,15557,60,,Ari,HD  20663
492,20677,1002,15648,32,l,Per,HD  20677
493,20720,1003,15474,16,tau04,Eri,HD  20720
494,20756,1005,15627,61,tau,Ari,HD  20756
495,20766,1006,15330,,zet01,Ret,HD  20766
496,20791,1007,15619,97,,Cet,HD  20791
497,20794,1008,15510,82,e,Eri,HD  20794
498,20807,1010,15371,,zet02,Ret,HD  20807
499,20825,1012,15696,62,,Ari,HD  20825
500,20893,1015,15737,63,,Ari,HD  20893
501,20902,1017,15863,33,alf,Per,HD  20902
502,21017,1022,15861,64,,Ari,HD  21017
503,21024,1025,15201,,iot,Hyi,HD  21024
504,21050,1027,15870,65,,Ari,HD  21050
505,21120,1030,15900,1,omi,Tau,HD  21120
506,21364,1038,16083,2,ksi,Tau,HD  21364
507,21423,1042,15987,,chi01,For,HD  21423
508,21428,1044,16244,34,,Per,HD  21428
509,21467,1048,16181,66,,Ari,HD  21467
510,21552,1052,16335,35,sig,Per,HD  21552
511,21574,1054,16112,,chi02,For,HD  21574
512,21635,1058,16156,,chi03,For,HD  21635
513,21686,1061,16322,4,s,Tau,HD  21686
514,21754,1066,16369,5,f,Tau,HD  21754
515,21770,1069,16499,36,,Per,HD  21770
516,21790,1070,16341,17,v,Eri,HD  21790
517,21933,1079,16511,6,t,Tau,HD  21933
518,22001,1083,16245,,kap,Ret,HD  22001
519,22049,1084,16537,18,eps,Eri,HD  22049
520,22091,1086,16664,7,,Tau,HD  22091
521,22192,1087,16826,37,psi,Per,HD  22192
522,22203,1088,16611,19,tau05,Eri,HD  22203
523,22374,,16859,9,,Tau,HD  22374
524,22470,1100,16803,20,,Eri,HD  22470
525,22484,1101,16852,10,,Tau,HD  22484
526,22663,1106,16870,,y,Eri,HD  22663
527,22713,1111,17027,21,,Eri,HD  22713
528,22789,1114,17007,,tau,For,HD  22789
529,22796,1115,17103,12,,Tau,HD  22796
530,22805,1118,17181,11,,Tau,HD  22805
531,22920,1121,17167,22,,Eri,HD  22920
532,22928,1122,17358,39,del,Per,HD  22928
533,22951,1123,17313,40,o,Per,HD  22951
534,23016,1126,17309,13,,Tau,HD  23016
535,23180,1131,17448,38,omi,Per,HD  23180
536,23183,1132,17408,14,,Tau,HD  23183
537,23227,1134,17304,,del,For,HD  23227
538,23230,1135,17529,41,nu.,Per,HD  23230
539,23249,1136,17378,23,del,Eri,HD  23249
540,23288,1140,17489,16,,Tau,HD  23288
541,23302,1142,17499,17,,Tau,HD  23302
542,23319,1143,17351,,h,Eri,HD  23319
543,23324,1144,17527,18,,Tau,HD  23324
544,23338,1145,17531,19,q,Tau,HD  23338
545,23363,1146,17457,24,,Eri,HD  23363
546,23401,1148,17959,,gam,Cam,HD  23401
547,23408,1149,17573,20,,Tau,HD  23408
548,23413,1150,17506,25,,Eri,HD  23413
549,23432,1151,17579,21,,Tau,HD  23432
550,23441,1152,17588,22,,Tau,HD  23441
551,23466,1153,17563,29,u,Tau,HD  23466
552,23480,1156,17608,23,,Tau,HD  23480
554,23614,1162,17593,26,pi.,Eri,HD  23614
556,23630,1165,17702,25,eta,Tau,HD  23630
557,23738,1171,17618,,sig,For,HD  23738
558,23754,1173,17651,27,tau06,Eri,HD  23754
559,23793,1174,17771,30,e,Tau,HD  23793
560,23817,1175,17440,,bet,Ret,HD  23817
561,23822,,17832,26,,Tau,HD  23822
562,23848,1177,17886,42,n,Per,HD  23848
563,23850,1178,17847,27,,Tau,HD  23850
564,23862,1180,17851,28,,Tau,HD  23862
565,23878,1181,17717,28,tau07,Eri,HD  23878
566,23940,1184,17738,,rho,For,HD  23940
567,24071,1189,17797,,f,Eri,HD  24071
569,24160,1195,17874,,g,Eri,HD  24160
570,24263,1199,18089,31,,Tau,HD  24263
571,24388,1202,18141,30,,Eri,HD  24388
572,24398,1203,18246,44,zet,Per,HD  24398
573,24512,1208,17678,,gam,Hyi,HD  24512
574,24534,1209,18350,,X,Per,HD  24534
575,24546,1210,18453,43,A,Per,HD  24546
576,24554,1211,18255,32,w,Eri,HD  24554
578,24587,1213,18216,33,tau08,Eri,HD  24587
579,24626,1214,18213,,i,Eri,HD  24626
580,24740,1218,18471,32,,Tau,HD  24740
581,24760,1220,18532,45,eps,Per,HD  24760
582,24769,1221,18485,33,,Tau,HD  24769
583,24912,1228,18614,46,ksi,Per,HD  24912
584,25025,1231,18543,34,gam,Eri,HD  25025
585,25204,1239,18724,35,lam,Tau,HD  25204
586,25267,1240,18673,36,tau09,Eri,HD  25267
587,25340,1244,18788,35,,Eri,HD  25340
588,25422,1247,18597,,del,Ret,HD  25422
589,25490,1251,18907,38,nu.,Tau,HD  25490
590,25555,1252,19009,36,,Tau,HD  25555
591,25558,1253,18957,40,,Tau,HD  25558
592,25604,1256,19038,37,A01,Tau,HD  25604
593,25642,1261,19167,47,lam,Per,HD  25642
594,25680,1262,19076,39,A02,Tau,HD  25680
595,25705,1264,18744,,gam,Ret,HD  25705
596,25728,1266,18772,,iot,Ret,HD  25728
597,25823,1268,19171,41,,Tau,HD  25823
598,25867,1269,19205,42,psi,Tau,HD  25867
599,25940,1273,19343,48,c,Per,HD  25940
600,25975,1277,19302,49,,Per,HD  25975
601,25998,1278,19335,50,,Per,HD  25998
602,26162,1283,19388,43,,Tau,HD  26162
603,26322,1287,19513,44,p,Tau,HD  26322
604,26409,1290,19483,37,,Eri,HD  26409
605,26462,1292,19554,45,,Tau,HD  26462
606,26574,1298,19587,38,omi01,Eri,HD  26574
607,26612,1302,19515,,del,Hor,HD  26612
608,26630,1303,19812,51,mu.,Per,HD  26630
609,26673,1306,19811,52,f,Per,HD  26673
610,26690,1309,19719,46,,Tau,HD  26690
611,26722,1311,19740,47,,Tau,HD  26722
612,26846,1318,19777,39,A,Eri,HD  26846
613,26911,1319,19877,48,,Tau,HD  26911
614,26912,1320,19860,49,mu.,Tau,HD  26912
615,26961,1324,20070,,b,Per,HD  26961
616,26965,1325,19849,40,omi02,Eri,HD  26965
617,26967,1326,19747,,alf,Hor,HD  26967
619,27045,1329,19990,50,ome,Tau,HD  27045
620,27176,1331,20087,51,,Tau,HD  27176
621,27192,1333,20234,,b02,Per,HD  27192
622,27256,1336,19780,,alf,Ret,HD  27256
623,27290,1338,19893,,gam,Dor,HD  27290
624,27295,1339,20171,53,,Tau,HD  27295
625,27309,1341,20186,56,,Tau,HD  27309
626,27348,1343,20252,54,,Per,HD  27348
627,27371,1346,20205,54,gam,Tau,HD  27371
628,27376,1347,20042,41,ups04,Eri,HD  27376
629,27382,1348,20250,52,phi,Tau,HD  27382
630,27383,,20215,55,,Tau,HD  27383
631,27396,1350,20354,53,d,Per,HD  27396
632,27397,1351,20219,57,h,Tau,HD  27397
633,27442,1355,19921,,eps,Ret,HD  27442
634,27459,1356,20261,58,,Tau,HD  27459
635,27563,1363,20271,,d,Eri,HD  27563
636,27628,1368,20400,60,,Tau,HD  27628
637,27638,1369,20430,59,chi,Tau,HD  27638
638,27657,1372,20020,,the,Ret,HD  27657
639,27697,1373,20455,61,del,Tau,HD  27697
640,27749,1376,20484,63,,Tau,HD  27749
641,27777,1377,20579,55,,Per,HD  27777
642,27778,1378,20533,62,,Tau,HD  27778
643,27786,1379,20591,56,,Per,HD  27786
644,27819,1380,20542,64,,Tau,HD  27819
645,27820,1381,20522,66,r,Tau,HD  27820
646,27861,1383,20507,42,ksi,Eri,HD  27861
647,27934,1387,20635,65,kap,Tau,HD  27934
648,27946,1388,20641,67,,Tau,HD  27946
649,27962,1389,20648,68,,Tau,HD  27962
650,27991,1391,20661,70,,Tau,HD  27991
651,28024,1392,20711,69,ups,Tau,HD  28024
652,28028,1393,20535,43,d,Eri,HD  28028
653,28052,1394,20713,71,,Tau,HD  28052
654,28093,1395,20384,,eta,Ret,HD  28093
655,28100,1396,20732,73,pi.,Tau,HD  28100
656,28149,1399,20789,72,,Tau,HD  28149
657,28292,1407,20877,75,,Tau,HD  28292
658,28294,1408,20873,76,,Tau,HD  28294
659,28305,1409,20889,74,eps,Tau,HD  28305
660,28307,1411,20885,77,the01,Tau,HD  28307
661,28319,1412,20894,78,the02,Tau,HD  28319
662,28355,1414,20901,79,b,Tau,HD  28355
663,28375,1415,20884,44,,Eri,HD  28375
664,28446,1417,21148,1,,Cam,HD  28446
665,28485,1422,20995,80,,Tau,HD  28485
666,28525,1426,20049,,del,Men,HD  28525
667,28546,1428,21039,81,,Tau,HD  28546
668,28556,1430,21036,83,,Tau,HD  28556
669,28595,,21082,84,,Tau,HD  28595
670,28677,1432,21137,85,,Tau,HD  28677
671,28704,1434,21242,57,m,Per,HD  28704
672,28749,1437,21139,45,,Eri,HD  28749
673,28873,1443,21060,,del,Cae,HD  28873
674,28910,1444,21273,86,rho,Tau,HD  28910
675,29009,1449,21278,46,,Eri,HD  29009
676,29064,1451,21296,47,,Eri,HD  29064
677,29085,1453,21248,50,ups01,Eri,HD  29085
678,29094,1454,21476,58,e,Per,HD  29094
679,29116,1456,20297,,nu.,Men,HD  29116
680,29139,1457,21421,87,alf,Tau,HD  29139
681,29140,1458,21402,88,d,Tau,HD  29140
682,29248,1463,21444,48,nu.,Eri,HD  29248
683,29291,1464,21393,52,ups02,Eri,HD  29291
684,29305,1465,21281,,alf,Dor,HD  29305
685,29316,1466,21730,2,,Cam,HD  29316
686,29317,1467,21727,3,,Cam,HD  29317
687,29335,1469,21515,49,,Eri,HD  29335
688,29375,1472,21588,89,,Tau,HD  29375
689,29388,1473,21589,90,c01,Tau,HD  29388
690,29391,1474,21547,51,c,Eri,HD  29391
691,29479,1478,21673,91,sig01,Tau,HD  29479
692,29488,1479,21683,92,sig02,Tau,HD  29488
693,29503,1481,21594,53,l,Eri,HD  29503
694,29589,1484,21735,93,,Tau,HD  29589
695,29712,1492,21479,,R,Dor,HD  29712
696,29722,1494,21928,59,,Per,HD  29722
697,29755,1496,21763,54,,Eri,HD  29755
698,29763,1497,21881,94,tau,Tau,HD  29763
699,29859,1499,21961,95,,Tau,HD  29859
700,29875,1502,21770,,alf,Cae,HD  29875
701,29992,1503,21861,,bet,Cae,HD  29992
702,30020,1505,21986,55,,Eri,HD  30020
704,30076,1508,22024,56,,Eri,HD  30076
705,30121,1511,22287,4,,Cam,HD  30121
706,30185,1516,21914,,lam,Pic,HD  30185
707,30202,1518,21998,,lam,Cae,HD  30202
708,30211,1520,22109,57,mu.,Eri,HD  30211
709,30478,1530,22040,,kap,Dor,HD  30478
710,30495,1532,22263,58,,Eri,HD  30495
711,30504,1533,22453,1,,Aur,HD  30504
712,30605,1537,22441,96,,Tau,HD  30605
713,30606,1538,22325,59,,Eri,HD  30606
714,30608,1539,22280,,zet,Cae,HD  30608
715,30612,1541,21949,,mu.,Men,HD  30612
716,30614,1542,22783,9,alf,Cam,HD  30614
717,30652,1543,22449,1,pi.03,Ori,HD  30652
718,30739,1544,22509,2,pi.02,Ori,HD  30739
719,30780,1547,22565,97,i,Tau,HD  30780
720,30814,1549,22479,60,,Eri,HD  30814
721,30834,1551,22678,2,,Aur,HD  30834
722,30836,1552,22549,3,pi.04,Ori,HD  30836
723,30958,1555,22854,5,,Cam,HD  30958
724,30959,1556,22667,4,omi01,Ori,HD  30959
725,30985,1557,22488,,nu.,Cae,HD  30985
726,31109,1560,22701,61,ome,Eri,HD  31109
727,31139,1562,22730,5,,Ori,HD  31139
728,31203,1563,22531,,iot,Pic,HD  31203
729,31204,1564,22534,,iot,Pic,HD  31204
730,31237,1567,22797,8,pi.05,Ori,HD  31237
731,31278,1568,23040,7,,Cam,HD  31278
732,31283,1569,22833,6,g,Ori,HD  31283
733,31295,1570,22845,7,pi.01,Ori,HD  31295
734,31398,1577,23015,3,iot,Aur,HD  31398
735,31421,1580,22957,9,omi02,Ori,HD  31421
736,31444,1581,22881,,R,Eri,HD  31444
737,31512,1582,22958,62,b,Eri,HD  31512
738,31553,1586,23068,99,,Tau,HD  31553
739,31579,1588,23216,8,,Cam,HD  31579
740,31592,1590,23088,98,k,Tau,HD  31592
741,31647,1592,23179,4,,Aur,HD  31647
742,31761,1599,23261,5,,Aur,HD  31761
743,31767,1601,23123,10,pi.06,Ori,HD  31767
744,31780,1602,23268,6,,Aur,HD  31780
745,31845,,23214,101,,Tau,HD  31845
746,31910,1603,23522,10,bet,Cam,HD  31910
747,31964,1605,23416,7,eps,Aur,HD  31964
749,32008,1608,23221,63,,Eri,HD  32008
750,32045,1611,23231,64,S,Eri,HD  32045
751,32068,1612,23453,8,zet,Aur,HD  32068
752,32249,1617,23364,65,psi,Eri,HD  32249
753,32301,1620,23497,102,iot,Tau,HD  32301
754,32343,1622,23734,11,,Cam,HD  32343
755,32357,1623,23743,12,,Cam,HD  32357
756,32440,1629,22871,,eta,Men,HD  32440
757,32503,1634,23474,1,,Lep,HD  32503
758,32537,1637,23783,9,,Aur,HD  32537
759,32549,1638,23607,11,,Ori,HD  32549
760,32630,1641,23767,10,eta,Aur,HD  32630
761,32736,1648,23680,,W,Ori,HD  32736
762,32743,1649,23482,,eta01,Pic,HD  32743
763,32831,1652,23595,,gam,Cae,HD  32831
764,32846,1653,23596,,gam,Cae,HD  32846
765,32887,1654,23685,2,eps,Lep,HD  32887
766,32923,1656,23835,104,m,Tau,HD  32923
767,32964,1657,23794,66,,Eri,HD  32964
768,32977,1658,23871,106,l,Tau,HD  32977
769,32990,1659,23900,103,,Tau,HD  32990
770,32991,1660,23883,105,,Tau,HD  32991
771,33021,1662,23852,13,,Ori,HD  33021
772,33042,1663,23649,,eta02,Pic,HD  33042
773,33054,1664,23879,14,i,Ori,HD  33054
774,33111,1666,23875,67,bet,Eri,HD  33111
775,33254,1672,23983,16,h,Ori,HD  33254
776,33256,1673,23941,68,,Eri,HD  33256
777,33262,1674,23693,,zet,Dor,HD  33262
778,33276,1676,24010,15,,Ori,HD  33276
779,33285,1677,23467,,bet,Men,HD  33285
780,33296,1678,24348,14,,Cam,HD  33296
781,33328,1679,23972,69,lam,Eri,HD  33328
782,33641,1689,24340,11,mu.,Aur,HD  33641
783,33802,1696,24244,3,iot,Lep,HD  33802
784,33856,1698,24331,17,rho,Ori,HD  33856
785,33904,1702,24305,5,mu.,Lep,HD  33904
786,33949,1705,24327,4,kap,Lep,HD  33949
787,33959,1706,24504,14,,Aur,HD  33959
789,34029,1708,24608,13,alf,Aur,HD  34029
790,34053,1711,24512,108,,Tau,HD  34053
791,34078,1712,24575,,AE,Aur,HD  34078
792,34085,1713,24436,19,bet,Ori,HD  34085
793,34172,1716,23148,,ksi,Men,HD  34172
794,34203,1718,24555,18,,Ori,HD  34203
795,34233,1719,24836,15,,Cam,HD  34233
796,34334,1726,24727,16,,Aur,HD  34334
797,34364,1728,24740,17,AR,Aur,HD  34364
798,34411,1729,24813,15,lam,Aur,HD  34411
799,34499,1734,24832,18,,Aur,HD  34499
800,34503,1735,24674,20,tau,Ori,HD  34503
801,34559,1739,24822,109,n,Tau,HD  34559
802,34578,1740,24879,19,,Aur,HD  34578
803,34642,1743,24659,,omi,Col,HD  34642
804,34649,1744,24372,,the,Dor,HD  34649
805,34658,1746,24817,21,,Ori,HD  34658
806,34759,1749,25048,20,rho,Aur,HD  34759
807,34787,1751,25197,16,,Cam,HD  34787
808,34816,1756,24845,6,lam,Lep,HD  34816
809,34863,1757,24873,7,nu.,Lep,HD  34863
810,35039,1765,25044,22,o,Ori,HD  35039
811,35072,1767,24829,,zet,Pic,HD  35072
812,35076,1768,25192,22,,Aur,HD  35076
813,35148,,25145,23,m,Ori,HD  35148
814,35149,1770,25142,23,m,Ori,HD  35149
815,35186,1773,25292,21,sig,Aur,HD  35186
816,35189,1774,25216,110,,Tau,HD  35189
817,35296,1780,25278,111,,Tau,HD  35296
818,35337,1783,25202,8,,Lep,HD  35337
819,35369,1784,25247,29,e,Ori,HD  35369
820,35410,1787,25282,27,p,Ori,HD  35410
821,35411,1788,25281,28,eta,Ori,HD  35411
822,35439,1789,25302,25,,Ori,HD  35439
823,35468,1790,25336,24,gam,Ori,HD  35468
824,35497,1791,25428,112,bet,Tau,HD  35497
825,35532,1798,25410,113,,Tau,HD  35532
826,35580,1801,25098,,kap,Pic,HD  35580
827,35583,1802,25769,17,,Cam,HD  35583
828,35620,1805,25541,24,phi,Aur,HD  35620
829,35671,1808,25499,115,,Tau,HD  35671
830,35708,1810,25539,114,o,Tau,HD  35708
831,35715,1811,25473,30,psi,Ori,HD  35715
832,35770,1814,25555,116,,Tau,HD  35770
833,35802,1816,25583,117,,Tau,HD  35802
834,35860,1818,25303,,the,Pic,HD  35860
835,35943,1821,25695,118,,Tau,HD  35943
836,36066,1828,25973,18,,Cam,HD  36066
837,36079,1829,25606,9,bet,Lep,HD  36079
838,36167,1834,25737,31,,Ori,HD  36167
839,36189,1836,25429,,lam,Dor,HD  36189
840,36217,1837,25785,,CK,Ori,HD  36217
841,36267,1839,25813,32,A,Ori,HD  36267
842,36351,1842,25861,33,n01,Ori,HD  36351
843,36371,1843,25984,25,chi,Aur,HD  36371
844,36389,1845,25945,119,CE,Tau,HD  36389
845,36473,1849,25853,10,,Lep,HD  36473
847,36486,1852,25930,34,del,Ori,HD  36486
848,36512,1855,25923,36,ups,Ori,HD  36512
849,36570,1857,26408,19,,Cam,HD  36570
850,36576,1858,26064,120,,Tau,HD  36576
851,36597,1862,25859,,eps,Col,HD  36597
852,36653,1864,26093,35,,Ori,HD  36653
853,36673,1865,25985,11,alf,Lep,HD  36673
854,36695,1868,26063,,VV,Ori,HD  36695
855,36777,1872,26126,38,n02,Ori,HD  36777
856,36819,1875,26248,121,,Tau,HD  36819
857,36822,1876,26176,37,phi01,Ori,HD  36822
858,36861,1879,26207,39,lam,Ori,HD  36861
860,37018,1892,26237,42,c,Ori,HD  37018
861,37020,1893,26220,41,the01,Ori,HD  37020
863,37022,1895,26221,41,the01,Ori,HD  37022
864,37023,1896,26224,41,the01,Ori,HD  37023
865,37041,1897,26235,43,the02,Ori,HD  37041
866,37043,1899,26241,44,iot,Ori,HD  37043
867,37070,,26587,22,,Cam,HD  37070
868,37077,1901,26268,45,,Ori,HD  37077
869,37128,1903,26311,46,eps,Ori,HD  37128
870,37147,1905,26382,122,,Tau,HD  37147
871,37160,1907,26366,40,phi02,Ori,HD  37160
872,37202,1910,26451,123,zet,Tau,HD  37202
873,37269,1914,26536,26,,Aur,HD  37269
874,37297,1917,26001,28,,Dor,HD  37297
875,37350,1922,26069,,bet,Dor,HD  37350
876,37430,1926,26412,,nu.01,Col,HD  37430
877,37438,1928,26640,125,,Tau,HD  37438
878,37468,1931,26549,48,sig,Ori,HD  37468
880,37490,1934,26594,47,ome,Ori,HD  37490
881,37495,1935,26460,,nu.02,Col,HD  37495
882,37507,1937,26563,49,d,Ori,HD  37507
883,37601,1941,26942,24,,Cam,HD  37601
884,37638,1943,27046,23,,Cam,HD  37638
885,37711,1946,26777,126,,Tau,HD  37711
886,37742,1948,26727,50,zet,Ori,HD  37742
888,37763,1953,25918,,gam,Men,HD  37763
889,37795,1956,26634,,alf,Col,HD  37795
890,37984,1963,26885,51,b,Ori,HD  37984
891,38090,1968,26865,12,,Lep,HD  38090
892,38091,1969,27249,26,,Cam,HD  38091
893,38104,1971,27196,27,omi,Aur,HD  38104
894,38129,,27283,28,,Cam,HD  38129
896,38393,1983,27072,13,gam,Lep,HD  38393
897,38478,1985,27265,129,,Tau,HD  38478
898,38545,1989,27316,131,,Tau,HD  38545
899,38558,1990,27338,130,,Tau,HD  38558
900,38602,1991,26264,,iot,Men,HD  38602
901,38618,1992,27592,29,,Cam,HD  38618
902,38622,1993,27364,133,,Tau,HD  38622
903,38656,1995,27483,29,tau,Aur,HD  38656
904,38666,1996,27204,,mu.,Col,HD  38666
905,38678,1998,27288,14,zet,Lep,HD  38678
906,38710,1999,27386,52,,Ori,HD  38710
907,38751,2002,27468,132,,Tau,HD  38751
908,38771,2004,27366,53,kap,Ori,HD  38771
909,38831,2006,27731,30,,Cam,HD  38831
910,38899,2010,27511,134,,Tau,HD  38899
911,38944,2011,27639,31,ups,Aur,HD  38944
912,39003,2012,27673,32,nu.,Aur,HD  39003
913,39014,2015,27100,,del,Dor,HD  39014
914,39019,2016,27581,135,,Tau,HD  39019
915,39060,2020,27321,,bet,Pic,HD  39060
916,39091,2022,26394,,pi.,Men,HD  39091
917,39220,2027,27971,31,,Cam,HD  39220
918,39283,2029,27949,30,ksi,Aur,HD  39283
919,39291,2031,27658,55,,Ori,HD  39291
920,39317,2033,27743,137,,Tau,HD  39317
921,39357,2034,27830,136,,Tau,HD  39357
922,39364,2035,27654,15,del,Lep,HD  39364
923,39400,2037,27750,56,,Ori,HD  39400
924,39425,2040,27628,,bet,Col,HD  39425
925,39523,2042,27530,,gam,Pic,HD  39523
926,39587,2047,27913,54,chi01,Ori,HD  39587
927,39698,2052,27965,57,,Ori,HD  39698
928,39764,2056,27810,,lam,Col,HD  39764
929,39780,2059,25776,31,,Men,HD  39780
930,39801,2061,27989,58,alf,Ori,HD  39801
931,39810,2062,27369,,lam,Men,HD  39810
933,39844,2064,27534,,eps,Dor,HD  39844
934,40035,2077,28358,33,del,Aur,HD  40035
935,40111,2084,28237,139,,Tau,HD  40111
936,40136,2085,28103,16,eta,Lep,HD  40136
937,40176,2087,28010,,ksi,Col,HD  40176
938,40183,2088,28360,34,bet,Aur,HD  40183
939,40239,2091,28404,35,pi.,Aur,HD  40239
940,40248,2092,28098,,sig,Col,HD  40248
941,40312,2095,28380,37,the,Aur,HD  40312
942,40372,2100,28271,59,,Ori,HD  40372
943,40394,2101,28499,36,,Aur,HD  40394
944,40409,2102,27890,36,,Dor,HD  40409
945,40446,2103,28296,60,,Ori,HD  40446
946,40494,2106,28199,,gam,Col,HD  40494
947,40535,2107,28321,1,,Mon,HD  40535
948,40536,2108,28325,2,,Mon,HD  40536
949,40724,2116,28561,141,,Tau,HD  40724
950,40801,2119,28677,38,,Aur,HD  40801
951,40808,2120,28328,,eta,Col,HD  40808
952,40873,2123,28765,35,,Cam,HD  40873
953,40932,2124,28614,61,mu.,Ori,HD  40932
954,40953,2125,27566,,kap,Men,HD  40953
955,40967,2128,28574,3,,Mon,HD  40967
956,41040,2130,28691,64,,Ori,HD  41040
957,41074,2132,28823,39,,Aur,HD  41074
958,41116,2134,28734,1,,Gem,HD  41116
959,41117,2135,28716,62,chi02,Ori,HD  41117
960,41357,2143,28946,40,,Aur,HD  41357
961,41361,2144,28812,63,,Ori,HD  41361
962,41380,2145,28814,66,,Ori,HD  41380
963,41511,2148,28816,17,,Lep,HD  41511
964,41534,2149,28756,72,,Col,HD  41534
965,41543,,28969,2,,Gem,HD  41543
966,41597,2152,29246,37,,Cam,HD  41597
967,41695,2155,28910,18,the,Lep,HD  41695
968,41698,2156,28874,,S,Lep,HD  41698
969,41753,2159,29038,67,nu.,Ori,HD  41753
970,41927,2165,29490,36,,Cam,HD  41927
971,42042,2168,29048,19,,Lep,HD  42042
972,42078,2171,28957,,pi.01,Col,HD  42078
973,42087,2173,29225,3,,Gem,HD  42087
974,42126,2175,29388,41,,Aur,HD  42126
976,42167,2177,29034,,the,Col,HD  42167
977,42216,,29288,4,,Gem,HD  42216
978,42303,2181,29064,,pi.02,Col,HD  42303
979,42398,2185,29379,5,,Gem,HD  42398
980,42509,2193,29433,68,,Ori,HD  42509
981,42525,2194,28909,,eta01,Dor,HD  42525
982,42543,2197,29450,6,BU,Gem,HD  42543
983,42545,2198,29434,69,f01,Ori,HD  42545
984,42560,2199,29426,70,ksi,Ori,HD  42560
985,42633,2201,29730,40,,Cam,HD  42633
986,42933,2212,29276,,del,Pic,HD  42933
987,42973,2215,29919,1,,Lyn,HD  42973
988,42995,2216,29655,7,eta,Gem,HD  42995
989,43039,2219,29696,44,kap,Aur,HD  43039
990,43042,2220,29650,71,,Ori,HD  43042
991,43107,2221,29134,,nu.,Dor,HD  43107
992,43153,2223,29704,72,f02,Ori,HD  43153
993,43232,2227,29651,5,gam,Mon,HD  43232
994,43244,2228,29884,42,,Aur,HD  43244
995,43247,2229,29736,73,,Ori,HD  43247
996,43261,2230,29789,8,,Gem,HD  43261
997,43378,2238,30060,2,,Lyn,HD  43378
998,43380,2239,29949,43,,Aur,HD  43380
999,43384,2240,29840,9,,Gem,HD  43384
1000,43386,2241,29800,74,k,Ori,HD  43386
1001,43455,2245,29353,,eta02,Dor,HD  43455
1002,43525,2247,29850,75,l,Ori,HD  43525
1003,43740,,30003,10,,Gem,HD  43740
1004,43749,,30278,3,,Lyn,HD  43749
1005,43760,2255,29885,6,,Mon,HD  43760
1006,43785,2256,29807,,kap,Col,HD  43785
1007,43812,2257,30272,4,,Lyn,HD  43812
1008,43818,,30046,11,,Gem,HD  43818
1009,43834,2261,29271,,alf,Men,HD  43834
1010,43836,,30049,12,,Gem,HD  43836
1011,43905,2264,30247,45,,Aur,HD  43905
1012,44112,2273,30073,7,,Mon,HD  44112
1013,44402,2282,30122,1,zet,CMa,HD  44402
1014,44478,2286,30343,13,mu.,Gem,HD  44478
1015,44537,2289,30520,46,psi01,Aur,HD  44537
1017,44691,2291,30651,,RR,Lyn,HD  44691
1018,44708,2293,30679,5,,Lyn,HD  44708
1019,44743,2294,30324,2,bet,CMa,HD  44743
1020,44762,2296,30277,,del,Col,HD  44762
1021,44769,2298,30419,8,eps,Mon,HD  44769
1022,44770,2299,30422,8,eps,Mon,HD  44770
1023,44984,2308,30564,,BL,Ori,HD  44984
1024,44990,2310,30541,,T,Mon,HD  44990
1025,45229,2320,30342,,nu.,Pic,HD  45229
1026,45348,2326,30438,,alf,Car,HD  45348
1027,45352,,30757,15,,Gem,HD  45352
1028,45394,2330,30769,16,,Gem,HD  45394
1029,45410,2331,31039,6,,Lyn,HD  45410
1030,45412,2332,30827,48,RT,Aur,HD  45412
1031,45416,2334,30717,77,,Ori,HD  45416
1032,45418,,30700,9,,Mon,HD  45418
1033,45433,2335,30720,78,,Ori,HD  45433
1034,45466,2338,30972,47,,Aur,HD  45466
1035,45542,2343,30883,18,nu.,Gem,HD  45542
1036,45546,2344,30772,10,,Mon,HD  45546
1037,45572,2348,30591,,G,Pup,HD  45572
1038,45669,2352,30321,,pi.01,Dor,HD  45669
1039,45725,2356,30867,11,bet,Mon,HD  45725
1042,45813,2361,30788,,lam,CMa,HD  45813
1043,46031,2371,31105,19,,Gem,HD  46031
1044,46052,2372,31173,,WW,Aur,HD  46052
1045,46101,2376,31359,7,,Lyn,HD  46101
1046,46116,2377,30565,,pi.02,Dor,HD  46116
1047,46136,,31158,20,,Gem,HD  46136
1048,46241,2382,31159,12,,Mon,HD  46241
1049,46300,2385,31216,13,,Mon,HD  46300
1050,46328,2387,31125,4,ksi01,CMa,HD  46328
1051,46355,2389,30932,61,,Pic,HD  46355
1052,46480,2394,31676,8,,Lyn,HD  46480
1053,46553,2398,31434,49,,Aur,HD  46553
1054,46590,2402,31665,11,,Lyn,HD  46590
1055,46642,2404,31385,14,,Mon,HD  46642
1056,46687,2405,31579,,UU,Aur,HD  46687
1057,46781,,31525,23,,Gem,HD  46781
1058,46860,2412,31137,,mu.,Pic,HD  46860
1059,46933,2414,31416,5,ksi02,CMa,HD  46933
1060,47070,2419,31771,51,,Aur,HD  47070
1061,47100,2420,31789,52,psi03,Aur,HD  47100
1062,47105,2421,31681,24,gam,Gem,HD  47105
1063,47138,2423,31564,6,nu.01,CMa,HD  47138
1064,47152,2425,31737,53,,Aur,HD  47152
1065,47174,2427,31832,50,psi02,Aur,HD  47174
1066,47205,2429,31592,7,nu.02,CMa,HD  47205
1067,47306,2435,31407,,N,Car,HD  47306
1068,47395,2438,31852,54,,Aur,HD  47395
1069,47442,2443,31700,8,nu.03,CMa,HD  47442
1070,47670,2451,31685,,nu.,Pup,HD  47670
1071,47731,2453,32019,25,,Gem,HD  47731
1072,47839,2456,31978,15,S,Mon,HD  47839
1073,47914,2459,32173,55,psi04,Aur,HD  47914
1074,47973,2462,31765,,Y,Pup,HD  47973
1075,48097,2466,32104,26,,Gem,HD  48097
1076,48250,2470,32438,12,,Lyn,HD  48250
1077,48329,2473,32246,27,eps,Gem,HD  48329
1078,48432,2477,32489,13,,Lyn,HD  48432
1079,48433,2478,32249,30,,Gem,HD  48433
1080,48450,2480,32311,28,,Gem,HD  48450
1081,48682,2483,32480,56,psi05,Aur,HD  48682
1082,48737,2484,32362,31,ksi,Gem,HD  48737
1083,48781,2487,32562,57,psi06,Aur,HD  48781
1084,48843,2489,32404,32,,Gem,HD  48843
1085,48879,2490,32864,42,,Cam,HD  48879
1086,48915,2491,32349,9,alf,CMa,HD  48915
1087,48917,2492,32292,10,,CMa,HD  48917
1088,48977,2494,32463,16,,Mon,HD  48977
1089,49161,2503,32533,17,,Mon,HD  49161
1090,49229,2504,32492,11,,CMa,HD  49229
1091,49293,2506,32578,18,,Mon,HD  49293
1092,49333,2509,32504,12,,CMa,HD  49333
1093,49340,2511,33104,43,,Cam,HD  49340
1094,49520,2516,32844,58,psi07,Aur,HD  49520
1095,49591,2518,32537,,x,Pup,HD  49591
1096,49606,2519,32753,33,,Gem,HD  49606
1097,49618,2520,33048,14,,Lyn,HD  49618
1099,49738,2525,32814,35,,Gem,HD  49738
1100,49877,2526,32531,,O,Car,HD  49877
1101,49908,2529,32921,36,d,Gem,HD  49908
1102,50013,2538,32759,13,kap,CMa,HD  50013
1103,50018,2539,33041,59,,Aur,HD  50018
1104,50019,2540,33018,34,the,Gem,HD  50019
1105,50037,2541,33064,60,,Aur,HD  50037
1106,50204,2547,33133,61,psi08,Aur,HD  50204
1107,50223,2548,32765,,X,Pup,HD  50223
1108,50241,2550,32607,,alf,Pic,HD  50241
1109,50310,2553,32768,,tau,Pup,HD  50310
1110,50337,2554,32761,,A,Car,HD  50337
1111,50506,2559,31897,,zet,Men,HD  50506
1112,50522,2560,33449,15,,Lyn,HD  50522
1113,50635,2564,33202,38,e,Gem,HD  50635
1114,50658,2568,33377,,psi09,Aur,HD  50658
1115,50692,2569,33277,37,,Gem,HD  50692
1116,50707,2571,33092,15,,CMa,HD  50707
1117,50778,2574,33160,14,the,CMa,HD  50778
1118,50877,2580,33152,16,omi01,CMa,HD  50877
1119,50973,2585,33485,16,,Lyn,HD  50973
1120,51055,2588,33248,17,,CMa,HD  51055
1121,51199,2590,33302,19,pi.,CMa,HD  51199
1122,51250,2593,33345,18,mu.,CMa,HD  51250
1123,51309,2596,33347,20,iot,CMa,HD  51309
1124,51440,2600,33614,62,,Aur,HD  51440
1125,51530,2601,33595,39,,Gem,HD  51530
1126,51557,2602,32912,,iot,Vol,HD  51557
1127,51688,2605,33650,40,,Gem,HD  51688
1128,52005,2615,33715,41,,Gem,HD  52005
1129,52089,2618,33579,21,eps,CMa,HD  52089
1130,52092,2619,33558,,t,Pup,HD  52092
1131,52497,2630,33927,42,ome,Gem,HD  52497
1132,52877,2646,33856,22,sig,CMa,HD  52877
1133,52918,2648,33971,19,,Mon,HD  52918
1134,52973,2650,34088,43,zet,Gem,HD  52973
1135,53047,2652,33779,23,,Car,HD  53047
1136,53138,2653,33977,24,omi02,CMa,HD  53138
1137,53244,2657,34045,23,gam,CMa,HD  53244
1138,53257,2659,34182,44,,Gem,HD  53257
1139,53633,,34572,17,,Lyn,HD  53633
1140,53704,2666,34081,,C,Pup,HD  53704
1142,53811,2672,34059,,H,Pup,HD  53811
1143,54131,2684,34440,45,,Gem,HD  54131
1144,54239,2689,33384,,the,Men,HD  54239
1145,54475,2691,34339,,D,Pup,HD  54475
1146,54605,2693,34444,25,del,CMa,HD  54605
1147,54716,2696,34752,63,,Aur,HD  54716
1148,54719,2697,34693,46,tau,Gem,HD  54719
1149,54801,2700,34722,47,,Gem,HD  54801
1150,54810,2701,34622,20,,Mon,HD  54810
1151,54893,2702,34495,,A,Pup,HD  54893
1152,55052,2706,34819,48,,Gem,HD  55052
1153,55057,2707,34724,21,,Mon,HD  55057
1154,55156,,34861,49,,Gem,HD  55156
1155,55185,2714,34769,22,del,Mon,HD  55185
1156,55280,2715,35146,18,,Lyn,HD  55280
1157,55383,2717,34909,51,,Gem,HD  55383
1158,55522,2718,34798,26,,CMa,HD  55522
1159,55621,2725,35025,52,,Gem,HD  55621
1160,55719,2727,34802,,E,Pup,HD  55719
1161,55864,2735,34473,,gam01,Vol,HD  55864
1162,55865,2736,34481,,gam02,Vol,HD  55865
1163,55870,2738,35152,53,,Gem,HD  55870
1164,55892,2740,34834,,I,Pup,HD  55892
1165,55966,2742,36547,,VZ,Cam,HD  55966
1166,56003,2744,35080,24,,Mon,HD  56003
1167,56014,2745,34981,27,,CMa,HD  56014
1168,56022,2746,34899,,L01,Pup,HD  56022
1169,56096,2748,34922,,L02,Pup,HD  56096
1170,56139,2749,35037,28,ome,CMa,HD  56139
1171,56221,2753,35341,64,,Aur,HD  56221
1172,56537,2763,35350,54,lam,Gem,HD  56537
1173,56577,2764,35210,145,,CMa,HD  56577
1174,56820,2772,35735,47,,Cam,HD  56820
1175,56855,2773,35264,,pi.,Pup,HD  56855
1176,56986,2777,35550,55,del,Gem,HD  56986
1177,57060,2781,35412,29,UW,CMa,HD  57060
1178,57061,2782,35415,30,tau,CMa,HD  57061
1179,57066,,35726,20,,Lyn,HD  57066
1180,57102,2783,35783,19,,Lyn,HD  57102
1181,57103,2784,35785,19,,Lyn,HD  57103
1182,57150,2787,35363,,v01,Pup,HD  57150
1183,57167,2788,35487,,R,CMa,HD  57167
1184,57197,2789,35347,,M,Pup,HD  57197
1185,57219,2790,35406,,v02,Pup,HD  57219
1186,57240,2791,35393,,F,Pup,HD  57240
1187,57264,2793,35710,65,,Aur,HD  57264
1188,57423,2795,35699,56,,Gem,HD  57423
1189,57623,2803,35228,,del,Vol,HD  57623
1190,57669,2805,35907,66,,Aur,HD  57669
1191,57727,2808,35846,57,A,Gem,HD  57727
1192,57744,2810,35842,58,,Gem,HD  57744
1193,57927,2816,35941,59,,Gem,HD  57927
1194,58142,2818,36145,21,,Lyn,HD  58142
1195,58187,2820,35987,1,,CMi,HD  58187
1196,58207,2821,36046,60,iot,Gem,HD  58207
1197,58350,2827,35904,31,eta,CMa,HD  58350
1198,58367,2828,36041,2,eps,CMi,HD  58367
1199,58579,2837,36156,61,,Gem,HD  58579
1200,58715,2845,36188,3,bet,CMi,HD  58715
1201,58728,2846,36238,63,,Gem,HD  58728
1202,58855,2849,36439,22,,Lyn,HD  58855
1203,58923,2851,36265,5,eta,CMi,HD  58923
1204,58946,2852,36366,62,rho,Gem,HD  58946
1205,58972,2854,36284,4,gam,CMi,HD  58972
1206,59037,2857,36393,64,,Gem,HD  59037
1207,59148,2861,36429,65,b,Gem,HD  59148
1208,59294,2864,36425,6,,CMi,HD  59294
1209,59635,2875,36363,,y,Pup,HD  59635
1210,59693,,36521,,U,Mon,HD  59693
1211,59717,2878,36377,,sig,Pup,HD  59717
1212,59881,2880,36641,7,del01,CMi,HD  59881
1213,60107,2886,36760,68,,Gem,HD  60107
1214,60111,2887,36723,8,del02,CMi,HD  60111
1216,60179,2891,36850,66,alf,Gem,HD  60179
1217,60357,2901,36812,9,del03,CMi,HD  60357
1218,60522,2905,36962,69,ups,Gem,HD  60522
1219,60584,2909,36817,,n,Pup,HD  60584
1221,60606,2911,36778,,z,Pup,HD  60606
1222,60816,2919,36039,,eps,Men,HD  60816
1223,60863,2922,36917,,p,Pup,HD  60863
1224,60986,2924,37204,70,,Gem,HD  60986
1225,61064,2927,37088,25,,Mon,HD  61064
1226,61106,2929,37406,23,,Lyn,HD  61106
1227,61110,2930,37265,71,omi,Gem,HD  61110
1228,61248,2934,36942,,Q,Car,HD  61248
1229,61330,2937,37096,,f,Pup,HD  61330
1230,61338,2938,37300,74,f,Gem,HD  61338
1231,61391,2940,37043,,y02,Pup,HD  61391
1232,61421,2943,37279,10,alf,CMi,HD  61421
1233,61429,2944,37173,,m,Pup,HD  61429
1234,61497,2946,37609,24,,Lyn,HD  61497
1235,61555,2948,37229,,kap01,Pup,HD  61555
1237,61641,2954,37223,,e,Pup,HD  61641
1238,61715,2957,37174,,y03,Pup,HD  61715
1239,61772,2959,37379,140,,Pup,HD  61772
1240,61831,2961,37297,,d01,Pup,HD  61831
1241,61878,2963,37322,,d02,Pup,HD  61878
1242,61899,2964,37329,,d03,Pup,HD  61899
1243,61925,2968,37345,,d04,Pup,HD  61925
1244,61935,2970,37447,26,alf,Mon,HD  61935
1245,62044,2973,37629,75,sig,Gem,HD  62044
1246,62066,2975,37949,51,,Cam,HD  62066
1247,62140,2977,37934,49,,Cam,HD  62140
1248,62285,2983,37704,76,c,Gem,HD  62285
1249,62345,2985,37740,77,kap,Gem,HD  62345
1250,62509,2990,37826,78,bet,Gem,HD  62509
1251,62510,2991,37811,79,,Gem,HD  62510
1252,62576,2993,37648,1,,Pup,HD  62576
1253,62623,2996,37677,3,l,Pup,HD  62623
1254,62713,3002,37664,,W,Pup,HD  62713
1255,62721,3003,37908,81,g,Gem,HD  62721
1256,62832,3008,37921,11,,CMi,HD  62832
1257,62863,3009,37842,2,,Pup,HD  62863
1258,62864,3010,37843,2,,Pup,HD  62864
1259,62898,3013,38016,80,pi.,Gem,HD  62898
1260,62952,3015,37891,4,,Pup,HD  62952
1261,63032,3017,37819,,c,Pup,HD  63032
1262,63077,3018,37853,171,,Pup,HD  63077
1263,63208,3021,38106,82,,Gem,HD  63208
1264,63295,3024,37504,,zet,Vol,HD  63295
1265,63336,3029,38048,5,,Pup,HD  63336
1266,63462,3034,38070,,omi,Pup,HD  63462
1267,63660,3043,38146,188,,Pup,HD  63660
1268,63697,3044,38211,6,,Pup,HD  63697
1269,63700,3045,38170,7,ksi,Pup,HD  63700
1270,63744,3046,38089,,Q,Pup,HD  63744
1271,63922,3055,38164,,P,Pup,HD  63922
1272,63975,3059,38373,13,zet,CMi,HD  63975
1273,64077,3063,38372,8,,Pup,HD  64077
1274,64096,3064,38382,9,,Pup,HD  64096
1275,64106,3065,38623,25,,Lyn,HD  64106
1276,64144,3066,38639,26,,Lyn,HD  64144
1277,64145,3067,38538,83,phi,Gem,HD  64145
1278,64238,3073,38427,10,,Pup,HD  64238
1279,64379,3079,38423,212,,Pup,HD  64379
1280,64440,3080,38414,,a,Pup,HD  64440
1281,64503,3084,38455,,b,Pup,HD  64503
1282,64648,3086,38722,85,,Gem,HD  64648
1283,64760,3090,38518,,J,Pup,HD  64760
1284,64960,3095,38848,1,,Cnc,HD  64960
1285,65228,3102,38835,11,j,Pup,HD  65228
1286,65339,3109,39261,53,,Cam,HD  65339
1287,65345,3110,38962,14,,CMi,HD  65345
1288,65456,3113,38901,,chi,Pup,HD  65456
1289,65551,3116,38872,,N,Pup,HD  65551
1290,65575,3117,38827,,chi,Car,HD  65575
1291,65626,3119,39348,54,,Cam,HD  65626
1292,65685,3121,38917,,O,Pup,HD  65685
1293,65695,3122,39079,27,,Mon,HD  65695
1294,65699,3123,39023,12,,Pup,HD  65699
1295,65714,3124,39191,2,ome,Cnc,HD  65714
1296,65759,3128,39177,3,,Cnc,HD  65759
1297,65818,3129,38957,,V,Pup,HD  65818
1298,65856,3132,39263,4,,Cnc,HD  65856
1299,65873,3134,39236,5,,Cnc,HD  65873
1300,65953,3141,39211,28,,Mon,HD  65953
1301,66141,3145,39311,,G,CMi,HD  66141
1302,66216,3149,39424,,chi,Gem,HD  66216
1303,66591,3159,39138,,D,Car,HD  66591
1304,66664,3163,39567,8,,Cnc,HD  66664
1305,66811,3165,39429,,zet,Pup,HD  66811
1306,66824,3167,39722,28,,Lyn,HD  66824
1307,66834,3168,39524,14,,Pup,HD  66834
1308,66875,3169,39659,9,,Cnc,HD  66875
1309,67006,3173,39847,27,,Lyn,HD  67006
1310,67228,3176,39780,10,mu.,Cnc,HD  67228
1311,67447,3182,40215,55,,Cam,HD  67447
1312,67483,3184,39874,12,,Cnc,HD  67483
1313,67523,3185,39757,15,rho,Pup,HD  67523
1314,67594,3188,39863,29,zet,Mon,HD  67594
1315,67690,,40007,13,psi01,Cnc,HD  67690
1316,67767,3191,40023,14,psi,Cnc,HD  67767
1317,67797,3192,39906,16,,Pup,HD  67797
1318,68146,3202,40035,18,,Pup,HD  68146
1320,68256,3209,40167,16,zet02,Cnc,HD  68256
1321,68257,3208,40167,16,zet01,Cnc,HD  68257
1322,68273,3207,39953,,gam02,Vel,HD  68273
1323,68290,3211,40084,19,,Pup,HD  68290
1324,68351,3215,40240,15,,Cnc,HD  68351
1325,68456,3220,39903,,B,Car,HD  68456
1326,68457,3221,40474,56,,Cam,HD  68457
1327,68520,3223,39794,,eps,Vol,HD  68520
1328,68553,3225,40091,,h01,Pup,HD  68553
1329,68752,3229,40259,20,,Pup,HD  68752
1330,68808,3232,40155,,AH,Vel,HD  68808
1331,68930,3235,40646,29,,Lyn,HD  68930
1332,68980,3237,40274,,r,Pup,HD  68980
1333,69142,3243,40326,,h02,Pup,HD  69142
1334,69148,3245,40772,57,,Cam,HD  69148
1335,69194,3247,40282,16,,Vel,HD  69194
1337,69267,3249,40526,17,bet,Cnc,HD  69267
1338,69548,3254,40875,30,,Lyn,HD  69548
1339,69665,3257,40604,21,,Pup,HD  69665
1340,69863,3260,40429,,C,Car,HD  69863
1341,69897,3262,40843,18,chi,Cnc,HD  69897
1342,70011,3268,40881,19,lam,Cnc,HD  70011
1343,70060,3270,40706,,q,Pup,HD  70060
1344,70272,3275,41075,31,,Lyn,HD  70272
1345,70555,3282,40945,,w,Pup,HD  70555
1346,70569,3284,41117,20,d01,Cnc,HD  70569
1347,70673,3289,41067,22,,Pup,HD  70673
1348,70734,3290,41163,21,,Cnc,HD  70734
1349,70930,3294,41039,,B,Vel,HD  70930
1350,70958,3297,41211,1,,Hya,HD  70958
1351,71030,3299,41319,25,d02,Cnc,HD  71030
1352,71046,3301,40817,,kap01,Vol,HD  71046
1353,71066,3302,40834,,kap02,Vol,HD  71066
1354,71093,3304,41377,22,phi01,Cnc,HD  71093
1355,71129,3307,41037,,eps,Car,HD  71129
1356,71150,3310,41404,23,phi02,Cnc,HD  71150
1358,71152,3312,41389,24,,Cnc,HD  71152
1360,71155,3314,41307,,C,Hya,HD  71155
1361,71243,3318,40702,,alf,Cha,HD  71243
1362,71250,3319,41400,27,,Cnc,HD  71250
1363,71297,3321,41375,2,,Hya,HD  71297
1364,71369,3323,41704,1,omi,UMa,HD  71369
1365,71496,3329,41574,28,,Cnc,HD  71496
1366,71555,3333,41578,29,,Cnc,HD  71555
1367,71576,3334,41003,,eta,Vol,HD  71576
1368,71701,3340,40888,,the,Cha,HD  71701
1369,71878,3347,41312,,bet,Vol,HD  71878
1370,71935,3350,41483,,F,Vel,HD  71935
1371,72037,3354,42080,2,A,UMa,HD  72037
1372,72041,3355,41816,30,ups01,Cnc,HD  72041
1373,72094,3357,41822,31,the,Cnc,HD  72094
1374,72108,3358,41616,,A,Vel,HD  72108
1375,72291,3365,41975,32,,Lyn,HD  72291
1376,72292,3366,41909,33,eta,Cnc,HD  72292
1377,72324,3369,41940,32,ups02,Cnc,HD  72324
1378,72359,3372,41904,34,,Cnc,HD  72359
1379,72524,3377,42090,33,,Lyn,HD  72524
1380,72779,3387,42133,35,,Cnc,HD  72779
1381,72905,3391,42438,3,pi.01,UMa,HD  72905
1382,72968,3398,42146,3,,Hya,HD  72968
1383,73108,3403,42527,4,pi.02,UMa,HD  73108
1384,73143,3406,42265,36,c,Cnc,HD  73143
1385,73155,3407,42088,,C,Vel,HD  73155
1386,73262,3410,42313,4,del,Hya,HD  73262
1387,73316,3412,42353,37,,Cnc,HD  73316
1388,73340,3413,42177,,E,Vel,HD  73340
1389,73389,3414,42134,,e02,Car,HD  73389
1390,73390,3415,42129,,e01,Car,HD  73390
1391,73471,3418,42402,5,sig,Hya,HD  73471
1392,73495,3420,42334,,eta,Pyx,HD  73495
1393,73575,,42485,38,,Cnc,HD  73575
1394,73593,3422,42604,34,,Lyn,HD  73593
1395,73634,3426,42312,,e,Vel,HD  73634
1396,73665,3427,42516,39,,Cnc,HD  73665
1397,73666,,42523,40,,Cnc,HD  73666
1398,73731,3429,42556,41,eps,Cnc,HD  73731
1399,73785,,42578,42,,Cnc,HD  73785
1400,73840,3431,42509,6,a,Hya,HD  73840
1401,73898,3433,42483,,zet,Pyx,HD  73898
1402,74006,3438,42515,,bet,Pyx,HD  74006
1403,74137,3441,42662,9,,Hya,HD  74137
1404,74180,3445,42570,,b,Vel,HD  74180
1405,74195,3447,42536,,omi,Vel,HD  74195
1406,74198,3449,42806,43,gam,Cnc,HD  74198
1407,74228,3450,42795,45,A01,Cnc,HD  74228
1408,74272,3452,42624,,n,Vel,HD  74272
1409,74280,3454,42799,7,eta,Hya,HD  74280
1410,74375,3457,42568,,d,Car,HD  74375
1411,74395,3459,42835,,F,Hya,HD  74395
1412,74405,3460,42425,,the,Vol,HD  74405
1413,74442,3461,42911,47,del,Cnc,HD  74442
1414,74485,3464,42954,46,,Cnc,HD  74485
1415,74521,3465,42917,49,b,Cnc,HD  74521
1416,74575,3468,42828,,alf,Pyx,HD  74575
1417,74591,3469,42931,10,,Hya,HD  74591
1418,74738,3474,43100,48,iot,Cnc,HD  74738
1419,74739,3475,43103,48,iot,Cnc,HD  74739
1420,74753,3476,42834,,D,Vel,HD  74753
1421,74772,3477,42884,,d,Vel,HD  74772
1422,74873,3481,43121,50,A02,Cnc,HD  74873
1423,74874,3482,43109,11,eps,Hya,HD  74874
1424,74918,3484,43067,12,D,Hya,HD  74918
1425,74956,3485,42913,,del,Vel,HD  74956
1426,75063,3487,43023,,a,Vel,HD  75063
1427,75137,3492,43234,13,rho,Hya,HD  75137
1428,75311,3498,43105,,f,Car,HD  75311
1429,75333,3500,43305,14,,Hya,HD  75333
1430,75416,3502,42637,,eta,Cha,HD  75416
1431,75486,3505,43644,5,b,UMa,HD  75486
1432,75506,3508,43531,35,,Lyn,HD  75506
1433,75528,3510,43454,54,,Cnc,HD  75528
1434,75558,,43463,52,,Cnc,HD  75558
1435,75630,3514,43325,,h,Vel,HD  75630
1436,75691,3518,43409,,gam,Pyx,HD  75691
1437,75698,3519,43584,51,sig01,Cnc,HD  75698
1438,75710,3520,43347,,g,Vel,HD  75710
1439,75716,3521,43575,53,,Cnc,HD  75716
1440,75732,3522,43587,55,rho01,Cnc,HD  75732
1441,75737,3523,43496,15,,Hya,HD  75737
1442,75747,3524,42794,9,,Cha,HD  75747
1443,75821,3527,43413,,f,Vel,HD  75821
1444,75958,3531,43903,6,,UMa,HD  75958
1445,75959,3532,43721,57,,Cnc,HD  75959
1446,76219,3540,43834,58,rho02,Cnc,HD  76219
1447,76221,3541,43811,,X,Cnc,HD  76221
1448,76294,3547,43813,16,zet,Hya,HD  76294
1449,76351,3550,43851,60,,Cnc,HD  76351
1450,76369,3552,43822,17,,Hya,HD  76369
1452,76398,3555,43932,59,sig02,Cnc,HD  76398
1453,76483,3556,43825,,del,Pyx,HD  76483
1454,76543,3561,43970,62,omi01,Cnc,HD  76543
1455,76572,3563,44031,61,,Cnc,HD  76572
1456,76582,3565,44001,63,omi02,Cnc,HD  76582
1457,76644,3569,44127,9,iot,UMa,HD  76644
1458,76728,3571,43783,,c,Car,HD  76728
1459,76756,3572,44066,65,alf,Cnc,HD  76756
1460,76805,3574,43878,,H,Vel,HD  76805
1461,76813,3575,44154,64,sig03,Cnc,HD  76813
1462,76827,3576,44390,8,rho,UMa,HD  76827
1463,76943,3579,44248,10,,UMa,HD  76943
1464,77002,3582,43937,,b01,Car,HD  77002
1465,77104,3587,44307,66,,Cnc,HD  77104
1466,77190,3589,44342,67,,Cnc,HD  77190
1467,77258,3591,44191,,w,Vel,HD  77258
1468,77327,3594,44471,12,kap,UMa,HD  77327
1469,77350,3595,44405,69,nu.,Cnc,HD  77350
1470,77370,3598,44143,,b02,Car,HD  77370
1471,77557,3601,44512,70,,Cnc,HD  77557
1472,77800,3609,44857,11,sig01,UMa,HD  77800
1473,77996,3613,44659,18,ome,Hya,HD  77996
1474,78004,3614,44511,,c,Vel,HD  78004
1475,78045,3615,44382,,alf,Vol,HD  78045
1476,78154,3616,45038,13,sig02,UMa,HD  78154
1477,78209,3619,44901,15,f,UMa,HD  78209
1478,78235,3621,44818,72,tau,Cnc,HD  78235
1479,78316,3623,44798,76,kap,Cnc,HD  78316
1480,78347,,44838,74,,Cnc,HD  78347
1481,78362,3624,45075,14,tau,UMa,HD  78362
1483,78418,3626,44892,75,,Cnc,HD  78418
1484,78515,3627,44946,77,ksi,Cnc,HD  78515
1485,78541,3628,44824,,kap,Pyx,HD  78541
1486,78556,3630,44883,19,,Hya,HD  78556
1487,78647,3634,44816,,lam,Vel,HD  78647
1488,78712,3639,45058,,RS,Cnc,HD  78712
1489,78715,3640,45033,79,,Cnc,HD  78715
1490,78732,3641,44961,20,,Hya,HD  78732
1491,78764,3642,44626,,E,Car,HD  78764
1492,78791,3643,44599,,G,Car,HD  78791
1493,78922,3644,45001,,eps,Pyx,HD  78922
1494,79009,,45153,80,,Cnc,HD  79009
1495,79028,3648,45333,16,c,UMa,HD  79028
1496,79096,3650,45170,81,,Cnc,HD  79096
1497,79158,3652,45290,36,,Lyn,HD  79158
1498,79193,3655,45184,21,,Hya,HD  79193
1499,79351,3659,45080,,a,Car,HD  79351
1500,79354,3660,45455,17,,UMa,HD  79354
1501,79439,3662,45493,18,e,UMa,HD  79439
1502,79447,3663,45101,,i,Car,HD  79447
1503,79469,3665,45336,22,the,Hya,HD  79469
1504,79554,3669,45410,82,pi.,Cnc,HD  79554
1505,79735,3674,45344,,z,Vel,HD  79735
1506,79807,3677,45386,,k01,Vel,HD  79807
1507,79837,3678,43908,,zet,Oct,HD  79837
1508,79910,3681,45527,23,,Hya,HD  79910
1509,79917,3682,45439,,l,Vel,HD  79917
1510,79931,3683,45526,24,,Hya,HD  79931
1511,79940,3684,45448,,k,Vel,HD  79940
1512,80007,3685,45238,,bet,Car,HD  80007
1513,80081,3690,45688,38,,Lyn,HD  80081
1514,80105,,45588,25,,Hya,HD  80105
1515,80218,,45699,83,,Cnc,HD  80218
1516,80230,3696,45496,,g,Car,HD  80230
1517,80290,3697,45836,37,,Lyn,HD  80290
1518,80404,3699,45556,,iot,Car,HD  80404
1519,80456,3703,45631,,K,Vel,HD  80456
1520,80493,3705,45860,40,alf,Lyn,HD  80493
1521,80499,3706,45751,26,,Hya,HD  80499
1522,80586,3709,45811,27,P,Hya,HD  80586
1523,80874,3718,45902,,the,Pyx,HD  80874
1524,81101,3728,45856,,k,Car,HD  81101
1525,81146,3731,46146,1,kap,Leo,HD  81146
1526,81169,3733,46026,,lam,Pyx,HD  81169
1527,81188,3734,45941,,kap,Vel,HD  81188
1528,81420,3738,46221,28,,Hya,HD  81420
1529,81688,3743,46471,41,,Lyn,HD  81688
1530,81728,3744,46365,29,,Hya,HD  81728
1531,81797,3748,46390,30,alf,Hya,HD  81797
1532,81799,3749,46371,,G,Hya,HD  81799
1533,81848,3753,46283,,I,Vel,HD  81848
1534,81858,3754,46454,2,ome,Leo,HD  81858
1535,81873,3755,46457,3,,Leo,HD  81873
1536,81937,3757,46733,23,h,UMa,HD  81937
1537,81997,3759,46509,31,tau01,Hya,HD  81997
1538,82087,3764,46652,7,,LMi,HD  82087
1539,82150,3765,46515,,eps,Ant,HD  82150
1540,82189,3768,47013,22,,UMa,HD  82189
1541,82198,3769,46735,8,,LMi,HD  82198
1542,82210,3771,46977,24,d,UMa,HD  82210
1543,82308,3773,46750,4,lam,Leo,HD  82308
1544,82328,3775,46853,25,the,UMa,HD  82328
1545,82381,3779,46774,6,h,Leo,HD  82381
1546,82383,3780,46657,,zet01,Ant,HD  82383
1548,82395,3782,46771,5,ksi,Leo,HD  82395
1549,82434,3786,46651,,psi,Vel,HD  82434
1550,82446,3787,46776,32,tau02,Hya,HD  82446
1551,82513,3789,46734,,zet02,Ant,HD  82513
1552,82522,3791,46904,9,,LMi,HD  82522
1553,82554,3795,46107,,iot,Cha,HD  82554
1554,82621,3799,47006,26,,UMa,HD  82621
1555,82635,3800,46952,10,,LMi,HD  82635
1556,82668,3803,46701,,N,Vel,HD  82668
1557,82870,3814,46982,33,A,Hya,HD  82870
1558,82885,3815,47080,11,,LMi,HD  82885
1560,83023,3818,47096,7,,Leo,HD  83023
1561,83058,3819,46950,,L,Vel,HD  83058
1562,83095,3821,46741,,H,Car,HD  83095
1563,83183,3825,46974,,h,Car,HD  83183
1564,83189,3826,47189,8,,Leo,HD  83189
1565,83240,3827,47205,10,,Leo,HD  83240
1566,83273,,47247,9,,Leo,HD  83273
1567,83287,3829,47300,42,,Lyn,HD  83287
1568,83343,,47266,11,,Leo,HD  83343
1569,83373,3832,47249,34,,Hya,HD  83373
1570,83425,3834,47310,2,,Sex,HD  83425
1571,83446,3836,47175,,M,Vel,HD  83446
1572,83506,3839,47654,27,,UMa,HD  83506
1573,83548,3842,47267,,y,Vel,HD  83548
1574,83618,3845,47431,35,iot,Hya,HD  83618
1575,83650,3846,47427,37,,Hya,HD  83650
1576,83754,3849,47452,38,kap,Hya,HD  83754
1577,83805,3851,47570,43,,Lyn,HD  83805
1578,83808,3852,47508,14,omi,Leo,HD  83808
1580,83821,3853,47550,13,,Leo,HD  83821
1581,83944,3856,47391,,m,Car,HD  83944
1582,83951,3857,47631,13,,LMi,HD  83951
1583,83953,3858,47522,,I,Hya,HD  83953
1584,83979,3860,46928,,zet,Cha,HD  83979
1585,84107,3861,47701,15,f,Leo,HD  84107
1586,84179,3865,47911,28,,UMa,HD  84179
1587,84194,3866,47723,16,psi,Leo,HD  84194
1588,84335,3870,47965,44,,Lyn,HD  84335
1589,84367,3871,47758,,the,Ant,HD  84367
1590,84441,3873,47908,17,eps,Leo,HD  84441
1591,84453,,47973,14,,LMi,HD  84453
1592,84461,3875,47717,,O,Vel,HD  84461
1593,84561,3877,47959,18,,Leo,HD  84561
1594,84722,3880,48029,19,,Leo,HD  84722
1595,84737,3881,48113,15,,LMi,HD  84737
1597,84810,3884,47854,,l,Car,HD  84810
1598,84999,3888,48319,29,ups,UMa,HD  84999
1599,85029,,48256,16,,LMi,HD  85029
1600,85040,3889,48218,20,,Leo,HD  85040
1601,85123,3890,48002,,ups,Car,HD  85123
1603,85217,3893,48273,4,,Sex,HD  85217
1604,85235,3894,48402,30,phi,UMa,HD  85235
1605,85268,3896,48324,23,,Leo,HD  85268
1606,85355,3898,48224,,u,Vel,HD  85355
1607,85364,3899,48341,6,,Sex,HD  85364
1608,85376,3900,48390,22,g,Leo,HD  85376
1609,85396,3902,47956,,nu.,Cha,HD  85396
1610,85444,3903,48356,39,ups01,Hya,HD  85444
1611,85503,3905,48455,24,mu.,Leo,HD  85503
1612,85504,3906,48414,7,,Sex,HD  85504
1613,85558,3909,48437,8,gam,Sex,HD  85558
1614,85622,3912,48374,,m,Vel,HD  85622
1615,85762,,48552,9,,Sex,HD  85762
1616,85795,3917,48682,31,,UMa,HD  85795
1617,86012,,48742,18,,LMi,HD  86012
1618,86146,3928,48833,19,,LMi,HD  86146
1619,86360,3937,48883,27,nu.,Leo,HD  86360
1620,86440,3940,48774,,phi,Vel,HD  86440
1621,86611,3945,48990,12,,Sex,HD  86611
1622,86629,3947,48926,,eta,Ant,HD  86629
1624,86663,3950,49029,29,pi.,Leo,HD  86663
1625,86728,3951,49081,20,,LMi,HD  86728
1626,87301,3961,49329,13,,Sex,HD  87301
1627,87504,3970,49402,40,ups02,Hya,HD  87504
1628,87682,3973,49530,14,,Sex,HD  87682
1629,87696,3974,49593,21,,LMi,HD  87696
1630,87737,3975,49583,30,eta,Leo,HD  87737
1631,87837,3980,49637,31,A,Leo,HD  87837
1632,87887,3981,49641,15,alf,Sex,HD  87887
1633,87901,3982,49669,32,alf,Leo,HD  87901
1634,87971,3983,49065,,mu.,Cha,HD  87971
1635,88195,3989,49812,17,,Sex,HD  88195
1636,88206,3990,49712,,Q,Vel,HD  88206
1637,88284,3994,49841,41,lam,Hya,HD  88284
1638,88333,3996,49865,18,,Sex,HD  88333
1639,88351,3997,49326,,mu.02,Cha,HD  88351
1640,88355,3998,49929,34,,Leo,HD  88355
1641,88366,3999,49751,,S,Car,HD  88366
1642,88547,4004,50027,19,,Sex,HD  88547
1643,88651,4008,50222,,U,UMa,HD  88651
1644,88697,,50100,20,,Sex,HD  88697
1645,88764,,50140,21,,Sex,HD  88764
1646,88786,4014,50218,22,,LMi,HD  88786
1647,88955,4023,50191,,q,Vel,HD  88955
1648,88960,4024,50303,23,,LMi,HD  88960
1649,88981,4025,50083,,M,Car,HD  88981
1650,88983,4026,50448,32,,UMa,HD  88983
1651,88986,4027,50316,24,,LMi,HD  88986
1652,89010,4030,50319,35,,Leo,HD  89010
1653,89021,4033,50372,33,lam,UMa,HD  89021
1654,89025,4031,50335,36,zet,Leo,HD  89025
1655,89056,4035,50333,37,,Leo,HD  89056
1656,89080,4037,50099,,ome,Car,HD  89080
1657,89125,4039,50384,39,,Leo,HD  89125
1658,89254,4042,50414,22,eps,Sex,HD  89254
1659,89388,4050,50371,,q,Car,HD  89388
1660,89449,4054,50564,40,,Leo,HD  89449
1661,89484,4057,50583,41,gam01,Leo,HD  89484
1663,89688,4064,50684,23,,Sex,HD  89688
1664,89758,4069,50801,34,mu.,UMa,HD  89758
1665,89774,4070,50755,42,,Leo,HD  89774
1666,89890,4074,50676,,J,Vel,HD  89890
1667,89904,4075,50860,27,,LMi,HD  89904
1668,89962,4077,50851,43,,Leo,HD  89962
1669,89998,4080,50799,,r,Vel,HD  89998
1670,90040,4081,50935,28,,LMi,HD  90040
1671,90044,4082,50885,25,,Sex,HD  90044
1672,90250,,51047,29,,LMi,HD  90250
1673,90254,4088,51008,44,,Leo,HD  90254
1674,90264,4089,50847,,L,Car,HD  90264
1675,90277,4090,51056,30,,LMi,HD  90277
1676,90432,4094,51069,42,mu.,Hya,HD  90432
1677,90473,,51117,26,,Sex,HD  90473
1678,90485,,51135,27,,Sex,HD  90485
1679,90537,4100,51233,31,bet,LMi,HD  90537
1680,90569,4101,51213,45,,Leo,HD  90569
1681,90589,4102,50954,,I,Car,HD  90589
1682,90610,4104,51172,,alf,Ant,HD  90610
1683,90633,4106,51401,35,,UMa,HD  90633
1684,90772,4110,51192,,P,Car,HD  90772
1685,90839,4112,51459,36,,UMa,HD  90839
1686,90840,4113,51420,32,,LMi,HD  90840
1687,90853,4114,51232,,s,Car,HD  90853
1688,90882,4116,51362,29,del,Sex,HD  90882
1689,90972,4118,51376,,del,Ant,HD  90972
1690,90994,4119,51437,30,bet,Sex,HD  90994
1691,91011,,51451,31,,Sex,HD  91011
1692,91130,4124,51556,33,,LMi,HD  91130
1693,91232,4127,51585,46,,Leo,HD  91232
1694,91316,4133,51624,47,rho,Leo,HD  91316
1695,91324,4134,51523,,Y,Vel,HD  91324
1696,91355,4135,51561,,s,Vel,HD  91355
1697,91365,4137,51685,34,,LMi,HD  91365
1698,91369,,51614,,phi01,Hya,HD  91369
1699,91375,4138,51438,,K,Car,HD  91375
1700,91465,4140,51576,,p,Car,HD  91465
1701,91480,4141,51814,37,,UMa,HD  91480
1702,91504,4143,51635,,t,Vel,HD  91504
1703,91550,4145,51718,44,,Hya,HD  91550
1704,91612,4146,51775,48,,Leo,HD  91612
1705,91636,4148,51802,49,,Leo,HD  91636
1706,91752,4150,51914,35,,LMi,HD  91752
1707,91793,4153,51821,,U,Ant,HD  91793
1708,91880,4156,51905,,phi02,Hya,HD  91880
1709,91942,4159,51849,,r,Car,HD  91942
1710,92000,,52032,36,,LMi,HD  92000
1711,92055,4163,52009,,U,Hya,HD  92055
1712,92063,4164,51912,,t01,Car,HD  92063
1713,92125,4166,52098,37,,LMi,HD  92125
1714,92139,4167,51986,,p,Vel,HD  92139
1715,92168,4168,52139,38,,LMi,HD  92168
1716,92214,4171,52085,,phi,Hya,HD  92214
1717,92305,4174,51839,,gam,Cha,HD  92305
1718,92397,4177,52102,,t02,Car,HD  92397
1719,92424,4178,52353,38,,UMa,HD  92424
1720,92449,4180,52154,,x,Vel,HD  92449
1721,92588,4182,52316,33,,Sex,HD  92588
1722,92728,4187,52478,39,,UMa,HD  92728
1723,92749,,52401,34,,Sex,HD  92749
1725,92769,4189,52422,40,,LMi,HD  92769
1726,92825,4192,52457,41,,LMi,HD  92825
1727,92841,4193,52452,35,,Sex,HD  92841
1728,93030,4199,52419,,the,Car,HD  93030
1729,93070,4200,52468,,w,Car,HD  93070
1730,93075,,52650,40,,UMa,HD  93075
1731,93102,4201,52584,36,,Sex,HD  93102
1732,93132,4202,52685,41,,UMa,HD  93132
1733,93152,4203,52638,42,,LMi,HD  93152
1734,93244,4207,52660,37,,Sex,HD  93244
1735,93257,4208,52686,51,m,Leo,HD  93257
1736,93291,4209,52689,52,k,Leo,HD  93291
1738,93397,4214,52737,,b01,Hya,HD  93397
1739,93497,4216,52727,,mu.,Vel,HD  93497
1740,93636,4223,52882,43,,LMi,HD  93636
1741,93702,4227,52911,53,l,Leo,HD  93702
1742,93742,4229,52913,40,,Sex,HD  93742
1743,93765,4230,52959,44,,LMi,HD  93765
1744,93779,4231,52595,,del01,Cha,HD  93779
1745,93813,4232,52943,,nu.,Hya,HD  93813
1746,93845,4234,52633,,del02,Cha,HD  93845
1747,93859,4235,53043,43,,UMa,HD  93859
1748,93875,4236,53064,42,,UMa,HD  93875
1749,93903,4237,52980,41,,Sex,HD  93903
1750,94247,4246,53261,44,,UMa,HD  94247
1751,94264,4247,53229,46,,LMi,HD  94264
1752,94334,4248,53295,45,ome,UMa,HD  94334
1753,94388,4251,53252,,b03,Hya,HD  94388
1754,94402,4253,53273,,p01,Leo,HD  94402
1755,94480,4254,53355,48,,LMi,HD  94480
1756,94497,4256,53377,47,,LMi,HD  94497
1757,94510,4257,53253,,u,Car,HD  94510
1758,94600,4258,53426,46,,UMa,HD  94600
1759,94601,4259,53417,54,,Leo,HD  94601
1761,94672,4265,53423,55,,Leo,HD  94672
1762,94705,4267,53449,56,,Leo,HD  94705
1763,94747,4270,53492,50,,LMi,HD  94747
1764,94776,4271,53394,,T,Car,HD  94776
1765,94890,4273,53502,,iot,Ant,HD  94890
1766,95128,4277,53721,47,,UMa,HD  95128
1767,95272,4287,53740,7,alf,Crt,HD  95272
1768,95310,4288,53838,49,,UMa,HD  95310
1769,95345,4291,53807,58,d,Leo,HD  95345
1770,95370,4293,53773,,i,Vel,HD  95370
1771,95382,4294,53824,59,c,Leo,HD  95382
1772,95418,4295,53910,48,bet,UMa,HD  95418
1773,95578,4299,53907,61,p02,Leo,HD  95578
1774,95608,4300,53954,60,b,Leo,HD  95608
1775,95689,4301,54061,50,alf,UMa,HD  95689
1776,95849,4306,54049,62,p03,Leo,HD  95849
1777,95934,4309,54136,51,,UMa,HD  95934
1778,96094,,54196,51,,LMi,HD  96094
1779,96097,4310,54182,63,chi,Leo,HD  96097
1780,96124,4312,53702,,eta,Oct,HD  96124
1781,96202,4314,54204,,chi01,Hya,HD  96202
1782,96314,4317,54255,,chi02,Hya,HD  96314
1783,96418,,54347,52,,LMi,HD  96418
1784,96436,4319,54336,65,p04,Leo,HD  96436
1785,96528,4322,54388,64,,Leo,HD  96528
1786,96566,4325,54301,,z,Car,HD  96566
1787,96738,4332,54487,67,,Leo,HD  96738
1788,96833,4335,54539,52,psi,UMa,HD  96833
1789,96918,4337,54463,,x,Car,HD  96918
1790,96919,4338,54461,,z02,Car,HD  96919
1791,97277,4343,54682,11,bet,Crt,HD  97277
1792,97411,4347,54742,,psi,Crt,HD  97411
1793,97534,4352,54751,,y,Car,HD  97534
1794,97585,4356,54849,69,p05,Leo,HD  97585
1795,97603,4357,54872,68,del,Leo,HD  97603
1796,97633,4359,54879,70,the,Leo,HD  97633
1797,97778,4362,54951,72,,Leo,HD  97778
1798,97907,4365,55016,73,n,Leo,HD  97907
1799,98058,4368,55084,74,phi,Leo,HD  98058
1800,98118,4371,55137,75,,Leo,HD  98118
1801,98230,4374,55203,53,ksi,UMa,HD  98230
1803,98262,4377,55219,54,nu.,UMa,HD  98262
1804,98353,4380,55266,55,,UMa,HD  98353
1805,98366,4381,55249,76,,Leo,HD  98366
1806,98430,4382,55282,12,del,Crt,HD  98430
1807,98664,4386,55434,77,sig,Leo,HD  98664
1808,98718,4390,55425,,pi.,Cen,HD  98718
1809,98824,,55533,71,,Leo,HD  98824
1810,98839,4392,55560,56,,UMa,HD  98839
1811,98991,4395,55598,13,lam,Crt,HD  98991
1812,99028,4399,55642,78,iot,Leo,HD  99028
1813,99055,4400,55650,79,,Leo,HD  99055
1814,99167,4402,55687,14,eps,Crt,HD  99167
1815,99211,4405,55705,15,gam,Crt,HD  99211
1816,99285,4408,55765,81,,Leo,HD  99285
1817,99329,4410,55791,80,,Leo,HD  99329
1818,99491,4414,55846,83,,Leo,HD  99491
1819,99564,4416,55874,16,kap,Crt,HD  99564
1820,99648,4418,55945,84,tau,Leo,HD  99648
1821,99787,4422,56034,57,,UMa,HD  99787
1822,99902,4426,56080,85,,Leo,HD  99902
1823,99984,4431,56148,58,,UMa,HD  99984
1824,99998,4432,56127,87,e,Leo,HD  99998
1825,100006,4433,56146,86,,Leo,HD 100006
1826,100029,4434,56211,1,lam,Dra,HD 100029
1827,100180,4437,56242,88,,Leo,HD 100180
1828,100261,4441,56243,,omi01,Cen,HD 100261
1829,100262,4442,56250,,omi02,Cen,HD 100262
1830,100286,4443,56280,17,,Crt,HD 100286
1832,100407,4450,56343,,ksi,Hya,HD 100407
1833,100563,4455,56445,89,,Leo,HD 100563
1834,100600,4456,56473,90,,Leo,HD 100600
1835,100673,4460,56480,,A,Cen,HD 100673
1836,100696,4461,56583,2,,Dra,HD 100696
1837,100733,4463,56518,,C01,Cen,HD 100733
1838,100825,4466,56573,,C02,Cen,HD 100825
1839,100841,4467,56561,,lam,Cen,HD 100841
1840,100889,4468,56633,21,the,Crt,HD 100889
1841,100920,4471,56647,91,ups,Leo,HD 100920
1842,101067,4476,56700,,C03,Cen,HD 101067
1843,101107,4477,56770,59,,UMa,HD 101107
1844,101132,4479,56675,,pi.,Cha,HD 101132
1845,101133,4480,56789,60,,UMa,HD 101133
1846,101153,4483,56779,1,ome,Vir,HD 101153
1847,101198,4488,56802,24,iot,Crt,HD 101198
1848,101431,4494,56922,,omi,Hya,HD 101431
1849,101484,4495,56975,92,,Leo,HD 101484
1850,101501,4496,56997,61,,UMa,HD 101501
1851,101606,4501,57029,62,,UMa,HD 101606
1852,101673,4504,57111,3,,Dra,HD 101673
1853,102070,4514,57283,27,zet,Crt,HD 102070
1854,102124,4515,57328,2,ksi,Vir,HD 102124
1855,102212,4517,57380,3,nu.,Vir,HD 102212
1856,102224,4518,57399,63,chi,UMa,HD 102224
1857,102249,4520,57363,,lam,Mus,HD 102249
1858,102509,4527,57565,93,,Leo,HD 102509
1859,102510,4528,57562,4,A01,Vir,HD 102510
1860,102584,4530,57581,,mu.,Mus,HD 102584
1861,102647,4534,57632,94,bet,Leo,HD 102647
1862,102776,4537,57669,,j,Cen,HD 102776
1863,102870,4540,57757,5,bet,Vir,HD 102870
1864,102964,4546,57803,,B,Cen,HD 102964
1865,103192,4552,57936,,bet,Hya,HD 103192
1866,103287,4554,58001,64,gam,UMa,HD 103287
1867,103483,4560,58112,65,,UMa,HD 103483
1868,103484,4559,58110,6,A02,Vir,HD 103484
1869,103498,4561,58117,65,,UMa,HD 103498
1870,103578,4564,58159,95,o,Leo,HD 103578
1871,103605,4566,58181,66,,UMa,HD 103605
1872,103632,4567,58188,30,eta,Crt,HD 103632
1873,104174,4583,58484,,eps,Cha,HD 104174
1874,104181,4585,58510,7,b,Vir,HD 104181
1875,104321,4589,58590,8,pi.,Vir,HD 104321
1876,104337,4590,58587,31,,Crt,HD 104337
1877,104452,,58661,1,,Com,HD 104452
1878,104513,4594,58684,67,,UMa,HD 104513
1879,104671,4599,58758,,the01,Cru,HD 104671
1880,104747,,58799,89,,Cen,HD 104747
1881,104827,4602,58858,2,,Com,HD 104827
1882,104841,4603,58867,,the02,Cru,HD 104841
1883,104902,4605,58905,,kap,Cha,HD 104902
1884,104979,4608,58948,9,omi,Vir,HD 104979
1885,105211,4616,59072,,eta,Cru,HD 105211
1886,105416,4620,59184,,E,Cen,HD 105416
1887,105435,4621,59196,,del,Cen,HD 105435
1888,105452,4623,59199,1,alf,Crv,HD 105452
1889,105639,4626,59285,10,,Vir,HD 105639
1890,105702,4629,59309,11,,Vir,HD 105702
1891,105707,4630,59316,2,eps,Crv,HD 105707
1892,105778,4632,59352,3,,Com,HD 105778
1893,105850,4635,59394,3,,Crv,HD 105850
1894,105937,4638,59449,,rho,Cen,HD 105937
1895,105981,4640,59468,4,,Com,HD 105981
1896,106002,4641,59458,68,,UMa,HD 106002
1897,106057,4643,59501,5,,Com,HD 106057
1898,106111,4645,59551,,S,Mus,HD 106111
1899,106251,4650,59608,12,,Vir,HD 106251
1900,106321,4652,59654,,D,Cen,HD 106321
1901,106478,4654,59708,1,,CVn,HD 106478
1902,106490,4656,59747,,del,Cru,HD 106490
1903,106591,4660,59774,69,del,UMa,HD 106591
1904,106625,4662,59803,4,gam,Crv,HD 106625
1905,106661,4663,59819,6,,Com,HD 106661
1906,106690,4666,59831,2,,CVn,HD 106690
1907,106714,4667,59847,7,,Com,HD 106714
1908,106849,4671,59929,,eps,Mus,HD 106849
1909,106911,4674,60000,,bet,Cha,HD 106911
1910,106983,4679,60009,,zet,Cru,HD 106983
1911,107070,4681,60030,13,,Vir,HD 107070
1912,107079,4682,60059,,F,Cen,HD 107079
1913,107168,4685,60087,8,,Com,HD 107168
1915,107213,4688,60098,9,,Com,HD 107213
1916,107259,4689,60129,15,eta,Vir,HD 107259
1917,107274,4690,60122,3,,CVn,HD 107274
1918,107276,,60123,10,,Com,HD 107276
1919,107328,4695,60172,16,c,Vir,HD 107328
1920,107348,4696,60189,5,zet,Crv,HD 107348
1921,107383,4697,60202,11,,Com,HD 107383
1922,107446,4700,60260,,eps,Cru,HD 107446
1923,107465,4701,60212,70,,UMa,HD 107465
1924,107566,4703,60320,,zet02,Mus,HD 107566
1925,107567,4704,60329,,zet01,Mus,HD 107567
1926,107700,4707,60351,12,,Com,HD 107700
1928,107705,4708,60353,17,,Vir,HD 107705
1929,107815,4711,60425,6,,Crv,HD 107815
1930,107832,4712,60449,,x01,Cen,HD 107832
1931,107904,4715,60467,4,,CVn,HD 107904
1932,107950,4716,60485,5,,CVn,HD 107950
1933,107966,4717,60514,13,,Com,HD 107966
1934,108114,4724,60610,,x02,Cen,HD 108114
1935,108135,4726,60584,71,,UMa,HD 108135
1936,108225,4728,60646,6,,CVn,HD 108225
1937,108248,4730,60718,,alf01,Cru,HD 108248
1940,108257,4732,60710,,G,Cen,HD 108257
1941,108283,4733,60697,14,,Com,HD 108283
1942,108346,,60712,72,,UMa,HD 108346
1943,108381,4737,60742,15,gam,Com,HD 108381
1944,108382,4738,60746,16,,Com,HD 108382
1945,108483,4743,60823,,sig,Cen,HD 108483
1946,108502,4745,60795,73,,UMa,HD 108502
1947,108541,4748,60855,,u,Cen,HD 108541
1948,108651,4751,60891,17,,Com,HD 108651
1949,108662,4752,60904,17,,Com,HD 108662
1950,108722,4753,60941,18,,Com,HD 108722
1951,108765,4756,60957,20,,Com,HD 108765
1952,108767,4757,60965,7,del,Crv,HD 108767
1953,108844,4760,60978,74,,UMa,HD 108844
1954,108845,4761,60988,7,,CVn,HD 108845
1955,108861,4762,60992,75,,UMa,HD 108861
1956,108903,4763,61084,,gam,Cru,HD 108903
1957,108907,4765,60998,4,,Dra,HD 108907
1959,108945,4766,61071,21,,Com,HD 108945
1960,108968,4768,61136,35,,Cru,HD 108968
1961,109026,4773,61199,,gam,Mus,HD 109026
1962,109085,4775,61174,8,eta,Crv,HD 109085
1963,109217,4777,61246,20,,Vir,HD 109217
1964,109307,4780,61295,22,,Com,HD 109307
1965,109309,4781,61318,21,q,Vir,HD 109309
1966,109358,4785,61317,8,bet,CVn,HD 109358
1967,109372,,61404,,BO,Mus,HD 109372
1968,109379,4786,61359,9,bet,Crv,HD 109379
1969,109387,4787,61281,5,kap,Dra,HD 109387
1970,109485,4789,61394,23,,Com,HD 109485
1971,109510,4791,61415,24,,Com,HD 109510
1972,109511,4792,61418,24,,Com,HD 109511
1973,109551,4795,61384,6,,Dra,HD 109551
1974,109668,4798,61585,,alf,Mus,HD 109668
1975,109704,4799,61558,25,f,Vir,HD 109704
1977,109742,4801,61571,25,,Com,HD 109742
1978,109787,4802,61622,,tau,Cen,HD 109787
1980,109980,4811,61692,9,,CVn,HD 109980
1981,110014,4813,61740,26,chi,Vir,HD 110014
1982,110024,4815,61724,26,,Com,HD 110024
1983,110073,4817,61789,,l,Cen,HD 110073
1984,110304,4819,61932,,gam,Cen,HD 110304
1985,110311,4820,61981,,R,Mus,HD 110311
1986,110335,4823,61966,39,,Cru,HD 110335
1987,110377,4824,61937,27,,Vir,HD 110377
1988,110379,4825,61941,29,gam,Vir,HD 110379
1990,110411,4828,61960,30,rho,Vir,HD 110411
1991,110418,,61969,28,,Vir,HD 110418
1992,110423,4829,61968,31,d01,Vir,HD 110423
1993,110458,4831,62012,,w,Cen,HD 110458
1994,110462,4833,61936,76,,UMa,HD 110462
1995,110829,4842,62268,,iot,Cru,HD 110829
1996,110879,4844,62322,,bet,Mus,HD 110879
1997,110897,4845,62207,10,,CVn,HD 110897
1998,110914,4846,62223,,Y,CVn,HD 110914
1999,110951,4847,62267,32,d02,Vir,HD 110951
2000,111028,4849,62325,33,,Vir,HD 111028
2001,111067,4851,62356,27,,Com,HD 111067
2002,111123,4853,62434,,bet,Cru,HD 111123
2003,111164,4855,62394,34,,Vir,HD 111164
2004,111239,4858,62443,35,,Vir,HD 111239
2005,111308,4861,62478,28,,Com,HD 111308
2006,111335,4863,62423,7,,Dra,HD 111335
2007,111397,4865,62541,29,,Com,HD 111397
2008,111421,4866,62516,11,,CVn,HD 111421
2009,111469,4869,62576,30,,Com,HD 111469
2010,111482,4870,63031,,iot,Oct,HD 111482
2011,111597,4874,62683,,p,Cen,HD 111597
2012,111765,4878,62757,37,,Vir,HD 111765
2013,111812,4883,62763,31,,Com,HD 111812
2014,111862,4884,62807,32,,Com,HD 111862
2015,111915,4888,62867,,e,Cen,HD 111915
2016,111968,4889,62896,,n,Cen,HD 111968
2017,111973,4890,62931,,kap,Cru,HD 111973
2018,111998,4891,62875,38,,Vir,HD 111998
2019,112033,4894,62886,35,,Com,HD 112033
2020,112078,4897,63007,,lam,Cru,HD 112078
2021,112091,4899,63005,,mu.02,Cru,HD 112091
2022,112092,4898,63003,,mu.01,Cru,HD 112092
2023,112097,4900,62933,41,,Vir,HD 112097
2024,112142,4902,62985,40,psi,Vir,HD 112142
2025,112185,4905,62956,77,eps,UMa,HD 112185
2026,112264,4909,63024,,TU,CVn,HD 112264
2027,112300,4910,63090,43,del,Vir,HD 112300
2028,112409,4913,63210,,H,Cen,HD 112409
2029,112412,4914,63121,12,alf01,CVn,HD 112412
2030,112413,4915,63125,12,alf02,CVn,HD 112413
2031,112429,4916,63076,8,,Dra,HD 112429
2032,112559,,63152,,RY,Dra,HD 112559
2033,112769,4920,63355,36,,Com,HD 112769
2034,112846,4921,63414,44,k,Vir,HD 112846
2035,112985,4923,63613,,del,Mus,HD 112985
2036,112989,4924,63462,37,,Com,HD 112989
2037,112992,4925,63494,46,,Vir,HD 112992
2038,113092,4928,63432,9,,Dra,HD 113092
2039,113095,4929,63533,38,,Com,HD 113095
2040,113139,4931,63503,78,,UMa,HD 113139
2041,113226,4932,63608,47,eps,Vir,HD 113226
2042,113314,4933,63724,,ksi01,Cen,HD 113314
2043,113459,4937,63750,48,,Vir,HD 113459
2044,113703,4940,63945,,f,Cen,HD 113703
2045,113791,4942,64004,,ksi02,Cen,HD 113791
2046,113797,4943,63901,14,,CVn,HD 113797
2047,113848,4946,63948,39,,Com,HD 113848
2048,113866,4949,63950,40,,Com,HD 113866
2049,113904,4952,64094,,the,Mus,HD 113904
2050,113996,4954,64022,41,,Com,HD 113996
2051,114038,4955,64078,49,,Vir,HD 114038
2052,114113,4957,64122,,g,Vir,HD 114113
2053,114149,4958,64166,45,psi,Hya,HD 114149
2054,114287,4961,64224,50,,Vir,HD 114287
2055,114330,4963,64238,51,the,Vir,HD 114330
2056,114376,4967,64217,15,,CVn,HD 114376
2057,114378,4968,64241,42,alf,Com,HD 114378
2059,114447,4971,64246,17,,CVn,HD 114447
2060,114642,4981,64407,53,,Vir,HD 114642
2061,114710,4983,64394,43,bet,Com,HD 114710
2062,114846,4990,64520,54,,Vir,HD 114846
2063,114911,4993,64661,,eta,Mus,HD 114911
2064,114946,4995,64577,55,,Vir,HD 114946
2065,115062,,64625,56,,Vir,HD 115062
2066,115202,5001,64725,57,,Vir,HD 115202
2067,115271,5004,64692,19,,CVn,HD 115271
2068,115310,5006,64803,,r,Cen,HD 115310
2069,115383,5011,64792,59,e,Vir,HD 115383
2070,115521,5015,64852,60,sig,Vir,HD 115521
2071,115604,5017,64844,20,,CVn,HD 115604
2072,115617,5019,64924,61,,Vir,HD 115617
2073,115659,5020,64962,46,gam,Hya,HD 115659
2074,115735,5023,64906,21,,CVn,HD 115735
2075,115892,5028,65109,,iot,Cen,HD 115892
2076,115903,,65074,62,,Vir,HD 115903
2077,116010,5032,65072,23,,CVn,HD 116010
2078,116087,5035,65271,,J,Cen,HD 116087
2079,116235,5040,65241,64,,Vir,HD 116235
2080,116243,5041,65387,,m,Cen,HD 116243
2081,116244,5042,65468,,iot01,Mus,HD 116244
2082,116292,5044,65301,63,,Vir,HD 116292
2083,116365,5047,65323,65,,Vir,HD 116365
2084,116568,5050,65420,66,,Vir,HD 116568
2085,116579,5051,65628,,iot02,Mus,HD 116579
2086,116656,5054,65378,79,zet,UMa,HD 116656
2088,116658,5056,65474,67,alf,Vir,HD 116658
2089,116842,5062,65477,80,g,UMa,HD 116842
2090,116870,5064,65581,68,i,Vir,HD 116870
2091,116976,5068,65639,69,,Vir,HD 116976
2092,117150,5071,65810,,K,Cen,HD 117150
2093,117176,5072,65721,70,,Vir,HD 117176
2094,117287,5080,65835,,R,Hya,HD 117287
2095,117304,5081,65790,71,,Vir,HD 117304
2096,117374,5084,66753,,kap,Oct,HD 117374
2097,117436,5088,65892,72,,Vir,HD 117436
2098,117440,5089,65936,,d,Cen,HD 117440
2099,117661,5094,66015,73,,Vir,HD 117661
2100,117675,5095,66006,74,l,Vir,HD 117675
2101,117789,5099,66091,75,,Vir,HD 117789
2102,117818,5100,66098,76,h,Vir,HD 117818
2104,117878,,66131,77,,Vir,HD 117878
2105,118022,5105,66200,78,o,Vir,HD 118022
2106,118054,5106,66247,,y,Vir,HD 118054
2107,118098,5107,66249,79,zet,Vir,HD 118098
2108,118214,5109,66198,81,,UMa,HD 118214
2109,118219,5111,66320,80,,Vir,HD 118219
2110,118232,5112,66234,24,,CVn,HD 118232
2111,118623,5127,66458,25,,CVn,HD 118623
2112,118716,5132,66657,,eps,Cen,HD 118716
2113,118991,5141,66821,,Q,Cen,HD 118991
2114,119024,5142,66634,82,,UMa,HD 119024
2115,119055,5144,66727,1,,Boo,HD 119055
2116,119090,5147,66825,,T,Cen,HD 119090
2117,119126,5149,66763,2,,Boo,HD 119126
2118,119149,5150,66803,82,m,Vir,HD 119149
2119,119228,5154,66738,83,,UMa,HD 119228
2120,119425,5159,66936,84,,Vir,HD 119425
2121,119605,5165,67057,83,,Vir,HD 119605
2122,119756,5168,67153,1,i,Cen,HD 119756
2123,119786,5170,67139,85,,Vir,HD 119786
2124,119834,5172,67234,,M,Cen,HD 119834
2125,119853,5173,67172,86,,Vir,HD 119853
2126,119921,5174,67244,,z,Cen,HD 119921
2127,120052,5181,67288,87,,Vir,HD 120052
2128,120064,5182,67239,3,,Boo,HD 120064
2129,120136,5185,67275,4,tau,Boo,HD 120136
2130,120198,5187,67231,84,,UMa,HD 120198
2131,120307,5190,67464,,nu.,Cen,HD 120307
2132,120315,5191,67301,85,eta,UMa,HD 120315
2133,120323,5192,67457,2,g,Cen,HD 120323
2134,120324,5193,67472,,mu.,Cen,HD 120324
2135,120452,5196,67494,89,,Vir,HD 120452
2136,120477,5200,67459,5,ups,Boo,HD 120477
2138,120539,5201,67480,6,e,Boo,HD 120539
2139,120642,5207,67703,,N,Cen,HD 120642
2140,120709,5210,67669,3,k,Cen,HD 120709
2142,120955,5221,67786,4,h,Cen,HD 120955
2143,120987,5222,67819,,y,Cen,HD 120987
2144,121107,5225,67787,7,,Boo,HD 121107
2145,121130,5226,67627,10,i,Dra,HD 121130
2146,121263,5231,68002,,zet,Cen,HD 121263
2147,121299,5232,67929,90,p,Vir,HD 121299
2148,121370,5235,67927,8,eta,Boo,HD 121370
2149,121409,5238,67848,86,,UMa,HD 121409
2150,121607,5244,68092,92,,Vir,HD 121607
2151,121710,5247,68103,9,,Boo,HD 121710
2152,121743,5248,68245,,phi,Cen,HD 121743
2153,121790,5249,68282,,ups01,Cen,HD 121790
2154,121847,5250,68269,47,,Hya,HD 121847
2155,121996,5255,68276,10,,Boo,HD 121996
2156,122066,5257,68390,48,,Hya,HD 122066
2157,122223,5260,68523,,ups02,Cen,HD 122223
2158,122250,5261,68815,,the,Aps,HD 122250
2159,122405,5263,68478,11,,Boo,HD 122405
2160,122408,5264,68520,93,tau,Vir,HD 122408
2161,122451,5267,68702,,bet,Cen,HD 122451
2162,122980,5285,68862,,chi,Cen,HD 122980
2163,123123,5287,68895,49,pi.,Hya,HD 123123
2164,123139,5288,68933,5,the,Cen,HD 123139
2165,123177,,68888,94,,Vir,HD 123177
2166,123255,5290,68940,95,,Vir,HD 123255
2167,123299,5291,68756,11,alf,Dra,HD 123299
2168,123630,5298,69127,96,,Vir,HD 123630
2169,123782,5300,69068,13,,Boo,HD 123782
2170,123998,5303,69896,,eta,Aps,HD 123998
2171,123999,5304,69226,12,d,Boo,HD 123999
2172,124063,5305,68956,3,,UMi,HD 124063
2173,124206,5312,69415,50,,Hya,HD 124206
2174,124294,5315,69427,98,kap,Vir,HD 124294
2175,124547,5321,69112,4,,UMi,HD 124547
2176,124570,5323,69536,14,,Boo,HD 124570
2178,124674,5328,69481,17,kap01,Boo,HD 124674
2179,124675,5329,69483,17,kap02,Boo,HD 124675
2180,124679,5330,69612,15,,Boo,HD 124679
2181,124771,5336,70248,,eps,Aps,HD 124771
2182,124850,5338,69701,99,iot,Vir,HD 124850
2183,124882,5339,70638,,del,Oct,HD 124882
2184,124897,5340,69673,16,alf,Boo,HD 124897
2185,125161,5350,69713,21,iot,Boo,HD 125161
2186,125162,5351,69732,19,lam,Boo,HD 125162
2187,125180,5352,69829,101,,Vir,HD 125180
2188,125238,5354,69996,,iot,Lup,HD 125238
2189,125248,5355,69929,,CS,Vir,HD 125248
2190,125288,5358,70069,,v,Cen,HD 125288
2191,125337,5359,69974,100,lam,Vir,HD 125337
2192,125351,5361,69879,,A,Boo,HD 125351
2193,125451,5365,69989,18,,Boo,HD 125451
2194,125454,5366,70012,102,ups,Vir,HD 125454
2195,125473,5367,70090,,psi,Cen,HD 125473
2196,125560,5370,70027,20,,Boo,HD 125560
2197,125823,5378,70300,,a,Cen,HD 125823
2198,125932,5381,70306,51,k,Hya,HD 125932
2199,126035,5383,70336,2,,Lib,HD 126035
2200,126341,5395,70574,,tau01,Lup,HD 126341
2201,126354,5396,70576,,tau02,Lup,HD 126354
2202,126660,5404,70497,23,the,Boo,HD 126660
2203,126661,5405,70602,22,f,Boo,HD 126661
2204,126722,5406,70680,104,,Vir,HD 126722
2205,126769,5407,70753,52,l,Hya,HD 126769
2206,126868,5409,70755,105,phi,Vir,HD 126868
2207,126927,5410,70794,106,,Vir,HD 126927
2208,127243,5420,70791,24,g,Boo,HD 127243
2209,127381,5425,71121,,sig,Lup,HD 127381
2210,127665,5429,71053,25,rho,Boo,HD 127665
2211,127700,5430,70692,5,,UMi,HD 127700
2212,127739,5434,71115,26,,Boo,HD 127739
2213,127762,5435,71075,27,gam,Boo,HD 127762
2214,127972,5440,71352,,eta,Cen,HD 127972
2215,128167,5447,71284,28,sig,Boo,HD 128167
2216,128266,5450,71500,,a,Lup,HD 128266
2217,128345,5453,71536,,rho,Lup,HD 128345
2219,128620,5459,71683,,alf,Cen,HD 128620
2220,128621,5460,71681,,alf,Cen,HD 128621
2221,128898,5463,71908,,alf,Cir,HD 128898
2222,129002,5468,71618,33,,Boo,HD 129002
2223,129056,5469,71860,,alf,Lup,HD 129056
2224,129078,5470,72370,,alf,Aps,HD 129078
2225,129116,5471,71865,,b,Cen,HD 129116
2226,129174,5475,71762,29,pi.01,Boo,HD 129174
2228,129246,5477,71795,30,zet,Boo,HD 129246
2230,129312,5480,71832,31,,Boo,HD 129312
2231,129336,5481,71837,32,,Boo,HD 129336
2232,129433,5484,71974,4,,Lib,HD 129433
2233,129456,5485,72010,,c01,Cen,HD 129456
2234,129502,5487,71957,107,mu.,Vir,HD 129502
2235,129685,5489,72104,,c02,Cen,HD 129685
2236,129712,5490,71995,34,W,Boo,HD 129712
2237,129893,5495,72290,,b,Lup,HD 129893
2238,129926,5497,72197,54,m,Hya,HD 129926
2239,129956,5501,72154,108,,Vir,HD 129956
2240,129972,5502,72125,35,omi,Boo,HD 129972
2241,129978,5503,72194,5,,Lib,HD 129978
2242,129988,5505,72105,36,eps,Boo,HD 129988
2244,130109,5511,72220,109,,Vir,HD 130109
2245,130158,5514,72323,55,,Hya,HD 130158
2246,130259,5516,72357,56,,Hya,HD 130259
2247,130274,5517,72378,57,,Hya,HD 130274
2248,130559,5523,72489,7,mu.,Lib,HD 130559
2249,130650,5525,73540,,pi.01,Oct,HD 130650
2250,130694,5526,72571,58,E,Hya,HD 130694
2251,130807,5528,72683,,omi,Lup,HD 130807
2252,130819,5530,72603,8,alf01,Lib,HD 130819
2253,130841,5531,72622,9,alf02,Lib,HD 130841
2254,130945,5533,72487,38,h,Boo,HD 130945
2255,130952,5535,72631,11,,Lib,HD 130952
2256,131041,5538,72524,39,,Boo,HD 131041
2257,131058,5539,72965,,zet,Cir,HD 131058
2258,131109,5540,73223,,R,Aps,HD 131109
2259,131156,5544,72659,37,ksi,Boo,HD 131156
2260,131246,5545,73771,,pi.02,Oct,HD 131246
2261,131430,5548,72929,12,,Lib,HD 131430
2262,131492,5551,73129,,the,Cir,HD 131492
2263,131530,5554,72934,13,ksi01,Lib,HD 131530
2264,131562,5556,73095,,c,Lup,HD 131562
2265,131596,5557,74296,,ome,Oct,HD 131596
2266,131873,5563,72607,7,bet,UMi,HD 131873
2267,131918,5564,73133,15,ksi02,Lib,HD 131918
2268,132052,5570,73165,16,,Lib,HD 132052
2269,132058,5571,73273,,bet,Lup,HD 132058
2270,132132,5573,73193,1,M,Ser,HD 132132
2271,132200,5576,73334,,kap,Cen,HD 132200
2272,132219,5577,73284,59,,Hya,HD 132219
2273,132230,5578,73249,17,,Lib,HD 132230
2274,132345,5582,73310,18,,Lib,HD 132345
2275,132742,5586,73473,19,del,Lib,HD 132742
2276,132772,5588,73369,40,,Boo,HD 132772
2277,132813,5589,73199,,RR,UMi,HD 132813
2278,132851,5591,73566,60,,Hya,HD 132851
2279,132905,5593,73776,,eta,Cir,HD 132905
2280,132933,5594,73536,2,,Ser,HD 132933
2281,133086,,73136,8,,UMi,HD 133086
2282,133124,5600,73568,41,ome,Boo,HD 133124
2283,133165,5601,73620,110,,Vir,HD 133165
2284,133208,5602,73555,42,bet,Boo,HD 133208
2285,133216,5603,73714,20,sig,Lib,HD 133216
2286,133242,5605,73807,,pi.,Lup,HD 133242
2288,133582,5616,73745,43,psi,Boo,HD 133582
2289,133621,,73440,9,,UMi,HD 133621
2290,133640,5618,73695,44,i,Boo,HD 133640
2291,133774,5622,73945,21,nu.,Lib,HD 133774
2292,133800,,73953,22,,Lib,HD 133800
2293,133955,5626,74117,,lam,Lup,HD 133955
2294,133962,5627,73841,47,k,Boo,HD 133962
2295,134083,5634,73996,45,c,Boo,HD 134083
2296,134320,5638,74087,46,b,Boo,HD 134320
2297,134481,5646,74376,,kap01,Lup,HD 134481
2298,134482,5647,74380,,kap02,Lup,HD 134482
2299,134505,5649,74395,,zet,Lup,HD 134505
2300,134687,5651,74449,,e,Lup,HD 134687
2301,134759,5652,74392,24,iot,Lib,HD 134759
2302,134967,5656,74493,25,,Lib,HD 134967
2303,134987,5657,74500,23,,Lib,HD 134987
2304,135153,5660,74604,1,i,Lup,HD 135153
2305,135230,5662,74600,26,,Lib,HD 135230
2306,135240,5664,74778,,del,Cir,HD 135240
2307,135291,5666,74837,,eps,Cir,HD 135291
2308,135379,5670,74824,,bet,Cir,HD 135379
2309,135382,5671,74946,,gam,TrA,HD 135382
2310,135482,5675,74649,3,,Ser,HD 135482
2311,135502,5676,74596,48,chi,Boo,HD 135502
2312,135559,5679,74689,4,,Ser,HD 135559
2313,135722,5681,74666,49,del,Boo,HD 135722
2314,135734,5683,74911,,mu.,Lup,HD 135734
2315,135742,5685,74785,27,bet,Lib,HD 135742
2316,135758,5686,74857,2,f,Lup,HD 135758
2317,136202,5694,74975,5,,Ser,HD 136202
2318,136298,5695,75141,,del,Lup,HD 136298
2319,136351,5698,75206,,nu.01,Lup,HD 136351
2320,136352,5699,75181,,nu.02,Lup,HD 136352
2321,136366,5701,75110,28,,Lib,HD 136366
2322,136407,5703,75118,29,omi,Lib,HD 136407
2323,136415,5704,75323,,gam,Cir,HD 136415
2324,136422,5705,75177,,phi01,Lup,HD 136422
2325,136504,5708,75264,,eps,Lup,HD 136504
2326,136512,5709,75049,1,omi,CrB,HD 136512
2327,136514,5710,75119,6,,Ser,HD 136514
2328,136664,5712,75304,,phi02,Lup,HD 136664
2329,136726,5714,74793,11,,UMi,HD 136726
2331,136801,,75294,30,,Lib,HD 136801
2332,136831,5717,75230,7,,Ser,HD 136831
2333,136849,5718,75178,50,,Boo,HD 136849
2334,136933,5719,75439,,ups,Lup,HD 136933
2335,137006,5721,75342,8,,Ser,HD 137006
2336,137052,5723,75379,31,eps,Lib,HD 137052
2337,137058,5724,75501,,k,Lup,HD 137058
2338,137107,5727,75312,2,eta,CrB,HD 137107
2340,137333,5729,76996,,rho,Oct,HD 137333
2341,137387,5730,76013,,kap01,Aps,HD 137387
2342,137391,5733,75411,51,mu.01,Boo,HD 137391
2343,137392,5734,75415,51,mu.02,Boo,HD 137392
2344,137422,5735,75097,13,gam,UMi,HD 137422
2345,137471,5739,75530,9,tau01,Ser,HD 137471
2346,137686,,75152,14,,UMi,HD 137686
2347,137744,5743,75730,32,,Lib,HD 137744
2348,137759,5744,75458,12,iot,Dra,HD 137759
2349,137898,5746,75761,10,,Ser,HD 137898
2350,137909,5747,75695,3,bet,CrB,HD 137909
2351,137949,,75848,33,,Lib,HD 137949
2352,138137,5750,75944,34,,Lib,HD 138137
2353,138481,5763,75973,52,nu.01,Boo,HD 138481
2354,138485,5764,76126,35,zet,Lib,HD 138485
2355,138527,5770,76069,12,tau02,Ser,HD 138527
2356,138538,5771,76440,,eps,TrA,HD 138538
2357,138562,5772,76133,11,A01,Ser,HD 138562
2358,138629,5774,76041,53,nu.02,Boo,HD 138629
2359,138688,5775,76259,36,,Lib,HD 138688
2360,138690,5776,76297,,gam,Lup,HD 138690
2361,138716,5777,76219,37,,Lib,HD 138716
2362,138749,5778,76127,4,the,CrB,HD 138749
2363,138769,5781,76371,,d,Lup,HD 138769
2364,138800,5782,76750,,kap02,Aps,HD 138800
2365,138905,5787,76333,38,gam,Lib,HD 138905
2366,138917,5788,76276,13,del,Ser,HD 138917
2368,139006,5793,76267,5,alf,CrB,HD 139006
2369,139063,5794,76470,39,ups,Lib,HD 139063
2370,139074,5795,76337,15,tau03,Ser,HD 139074
2371,139127,5797,76552,,ome,Lup,HD 139127
2372,139137,5799,76427,14,,Ser,HD 139137
2373,139153,5800,76307,6,mu.,CrB,HD 139153
2374,139195,5802,76425,16,,Ser,HD 139195
2375,139216,,76423,17,tau04,Ser,HD 139216
2376,139225,5804,76424,18,tau05,Ser,HD 139225
2377,139365,5812,76600,40,tau,Lib,HD 139365
2378,139446,5814,76628,41,,Lib,HD 139446
2379,139521,5820,76705,3,psi01,Lup,HD 139521
2380,139641,5823,76534,54,phi,Boo,HD 139641
2381,139663,5824,76742,42,,Lib,HD 139663
2382,139664,5825,76829,,g,Lup,HD 139664
2383,139669,5826,76008,15,the,UMi,HD 139669
2384,139777,5829,75809,,pi.01,UMi,HD 139777
2385,139813,,75829,,pi.01,UMi,HD 139813
2386,139891,5833,76669,7,zet01,CrB,HD 139891
2387,139892,5834,76669,7,zet02,CrB,HD 139892
2388,139980,5837,76939,,h,Lup,HD 139980
2389,139997,5838,76880,43,kap,Lib,HD 139997
2390,140008,5839,76945,4,psi02,Lup,HD 140008
2391,140027,5840,76810,19,tau06,Ser,HD 140027
2392,140159,5842,76852,21,iot,Ser,HD 140159
2393,140160,5843,76866,20,chi,Ser,HD 140160
2394,140232,5845,76878,22,tau07,Ser,HD 140232
2395,140417,5848,77060,44,eta,Lib,HD 140417
2396,140436,5849,76952,8,gam,CrB,HD 140436
2397,140538,5853,77052,23,psi,Ser,HD 140538
2398,140573,5854,77070,24,alf,Ser,HD 140573
2399,140716,5855,77048,9,pi.,CrB,HD 140716
2400,140729,5858,77111,26,tau08,Ser,HD 140729
2401,140873,5863,77227,25,A02,Ser,HD 140873
2402,141003,5867,77233,28,bet,Ser,HD 141003
2403,141004,5868,77257,27,lam,Ser,HD 141004
2404,141187,5870,77336,31,ups,Ser,HD 141187
2405,141378,5875,77464,30,,Ser,HD 141378
2406,141477,5879,77450,35,kap,Ser,HD 141477
2407,141513,5881,77516,32,mu.,Ser,HD 141513
2408,141527,5880,77442,,R,CrB,HD 141527
2409,141556,5883,77634,5,chi,Lup,HD 141556
2410,141637,5885,77635,1,b,Sco,HD 141637
2411,141652,,76695,,pi.02,UMi,HD 141652
2412,141680,5888,77578,34,ome,Ser,HD 141680
2413,141714,5889,77512,10,del,CrB,HD 141714
2414,141767,5891,77982,,kap,TrA,HD 141767
2415,141795,5892,77622,37,eps,Ser,HD 141795
2417,141851,5895,77660,36,b,Ser,HD 141851
2418,141891,5897,77952,,bet,TrA,HD 141891
2419,141992,5899,77661,38,rho,Ser,HD 141992
2420,142091,5901,77655,11,kap,CrB,HD 142091
2421,142096,5902,77811,45,lam,Lib,HD 142096
2422,142105,5903,77055,16,zet,UMi,HD 142105
2423,142114,5904,77840,2,A,Sco,HD 142114
2424,142198,5908,77853,46,the,Lib,HD 142198
2425,142267,5911,77801,39,,Ser,HD 142267
2426,142301,5912,77909,3,,Sco,HD 142301
2427,142373,5914,77760,1,chi,Her,HD 142373
2428,142378,5915,77939,47,,Lib,HD 142378
2429,142445,5917,77984,4,,Sco,HD 142445
2430,142500,5919,77910,40,,Ser,HD 142500
2431,142629,5925,78105,,ksi01,Lup,HD 142629
2432,142630,5926,78106,,ksi02,Lup,HD 142630
2433,142669,5928,78104,5,rho,Sco,HD 142669
2434,142780,5932,77907,2,,Her,HD 142780
2435,142860,5933,78072,41,gam,Ser,HD 142860
2436,142908,5936,78012,12,lam,CrB,HD 142908
2437,142926,5938,77986,4,,Her,HD 142926
2438,142980,5940,78132,,phi,Ser,HD 142980
2439,142983,5941,78207,48,,Lib,HD 142983
2440,143018,5944,78265,6,pi.,Sco,HD 143018
2441,143107,5947,78159,13,eps,CrB,HD 143107
2442,143118,5948,78384,,eta,Lup,HD 143118
2443,143275,5953,78401,7,del,Sco,HD 143275
2444,143333,5954,78400,49,,Lib,HD 143333
2446,143459,5959,78436,50,,Lib,HD 143459
2447,143474,5961,78662,,iot01,Nor,HD 143474
2448,143546,5962,78639,,eta,Nor,HD 143546
2449,143666,5966,78481,5,r,Her,HD 143666
2450,143761,5968,78459,15,rho,CrB,HD 143761
2451,143807,5971,78493,14,iot,CrB,HD 143807
2452,143894,5972,78554,44,pi.,Ser,HD 143894
2453,144046,5976,78685,43,,Ser,HD 144046
2454,144069,5977,78727,,ksi,Sco,HD 144069
2456,144197,5980,78914,,del,Nor,HD 144197
2457,144205,,78574,,X,Her,HD 144205
2458,144206,5982,78592,6,ups,Her,HD 144206
2459,144217,5984,78820,8,bet01,Sco,HD 144217
2460,144218,5985,78821,8,bet02,Sco,HD 144218
2461,144284,5986,78527,13,the,Dra,HD 144284
2462,144294,5987,78918,,the,Lup,HD 144294
2463,144470,5993,78933,9,ome01,Sco,HD 144470
2464,144480,5994,79153,,iot02,Nor,HD 144480
2465,144608,5997,78990,10,ome02,Sco,HD 144608
2466,144708,6002,79005,11,,Sco,HD 144708
2467,144874,6004,79007,45,,Ser,HD 144874
2468,144937,,79047,46,,Ser,HD 144937
2469,145000,6009,79045,7,kap,Her,HD 145000
2470,145001,6008,79043,7,kap,Her,HD 145001
2471,145002,6010,79072,47,,Ser,HD 145002
2472,145122,6013,79102,8,,Her,HD 145122
2473,145328,6018,79119,16,tau,CrB,HD 145328
2474,145361,6019,79497,,zet,Nor,HD 145361
2475,145366,6020,80047,,del01,Aps,HD 145366
2476,145384,6022,79490,39,,Nor,HD 145384
2477,145388,6021,80057,,del02,Aps,HD 145388
2478,145389,6023,79101,11,phi,Her,HD 145389
2479,145397,6024,79509,,kap,Nor,HD 145397
2480,145482,6028,79404,13,c02,Sco,HD 145482
2481,145483,6029,79399,12,c01,Sco,HD 145483
2483,145502,6027,79374,14,nu.,Sco,HD 145502
2484,145544,6030,79664,,del,TrA,HD 145544
2485,145570,6031,79375,15,psi,Sco,HD 145570
2486,145607,6033,79387,16,,Sco,HD 145607
2487,145622,6034,78661,18,,UMi,HD 145622
2488,145647,6035,79332,,q,Her,HD 145647
2489,145675,,79248,14,,Her,HD 145675
2490,145713,6039,79349,10,,Her,HD 145713
2491,145842,6045,79653,,the,Nor,HD 145842
2492,145892,6047,79488,9,,Her,HD 145892
2493,145897,6048,79540,17,chi,Sco,HD 145897
2494,145958,,79492,49,,Ser,HD 145958
2495,146051,6056,79593,1,del,Oph,HD 146051
2496,146143,6058,79790,,gam01,Nor,HD 146143
2497,146233,6060,79672,18,,Sco,HD 146233
2498,146279,,79634,13,,Her,HD 146279
2499,146361,6063,79607,17,sig,CrB,HD 146361
2501,146388,6065,79666,16,,Her,HD 146388
2502,146624,6070,79881,,d,Sco,HD 146624
2503,146667,6071,79963,,lam,Nor,HD 146667
2504,146686,6072,80000,,gam02,Nor,HD 146686
2505,146738,6074,79757,18,ups,CrB,HD 146738
2506,146791,6075,79882,2,eps,Oph,HD 146791
2507,146926,6079,79280,19,,UMi,HD 146926
2508,147025,,79889,19,,Her,HD 147025
2509,147084,6081,80079,19,omi,Sco,HD 147084
2510,147142,6082,79420,20,,UMi,HD 147142
2511,147165,6084,80112,20,sig,Sco,HD 147165
2512,147394,6092,79992,22,tau,Her,HD 147394
2513,147449,6093,80179,50,sig,Ser,HD 147449
2514,147547,6095,80170,20,gam,Her,HD 147547
2515,147584,6098,80686,,zet,TrA,HD 147584
2516,147675,6102,81065,,gam,Aps,HD 147675
2517,147677,6103,80181,19,ksi,CrB,HD 147677
2518,147700,6104,80343,4,psi,Oph,HD 147700
2519,147749,6107,80197,20,nu.01,CrB,HD 147749
2520,147767,6108,80214,21,nu.02,CrB,HD 147767
2521,147787,6109,80645,,iot,TrA,HD 147787
2522,147835,6110,80247,23,,Her,HD 147835
2523,147869,6111,80351,21,o,Her,HD 147869
2524,147933,6112,80473,5,rho,Oph,HD 147933
2526,147971,6115,80582,,eps,Nor,HD 147971
2527,148048,6116,79822,21,eta,UMi,HD 148048
2528,148112,6117,80463,24,ome,Her,HD 148112
2529,148184,6118,80569,7,chi,Oph,HD 148184
2531,148283,6123,80460,25,,Her,HD 148283
2532,148367,6129,80628,3,ups,Oph,HD 148367
2533,148387,6132,80331,14,eta,Dra,HD 148387
2534,148478,6134,80763,21,alf,Sco,HD 148478
2535,148605,6141,80815,22,i,Sco,HD 148605
2536,148703,6143,80911,,N,Sco,HD 148703
2537,148783,6146,80704,30,g,Her,HD 148783
2538,148786,6147,80894,8,phi,Oph,HD 148786
2539,148856,6148,80816,27,bet,Her,HD 148856
2540,148857,6149,80883,10,lam,Oph,HD 148857
2541,148890,6151,81252,,the,TrA,HD 148890
2542,148897,6152,80843,,s,Her,HD 148897
2543,148898,6153,80975,9,ome,Oph,HD 148898
2544,149038,6155,81122,,mu.,Nor,HD 149038
2545,149081,6156,80809,34,,Her,HD 149081
2546,149121,6158,81007,28,n,Her,HD 149121
2547,149141,,80927,31,,Her,HD 149141
2548,149161,6159,81008,29,h,Her,HD 149161
2549,149212,6161,80650,15,A,Dra,HD 149212
2550,149324,6163,81852,,bet,Aps,HD 149324
2551,149420,,81066,32,,Her,HD 149420
2552,149438,6165,81266,23,tau,Sco,HD 149438
2553,149447,6166,81304,,H,Sco,HD 149447
2554,149630,6168,81126,35,sig,Her,HD 149630
2555,149661,6171,81300,12,,Oph,HD 149661
2556,149671,6172,81710,,eta01,TrA,HD 149671
2557,149730,,81589,,R,Ara,HD 149730
2558,149757,6175,81377,13,zet,Oph,HD 149757
2559,150100,6184,81290,16,,Dra,HD 150100
2560,150117,6185,81292,17,,Dra,HD 150117
2562,150378,6195,81641,37,,Her,HD 150378
2563,150379,6194,81634,36,,Her,HD 150379
2564,150416,6196,81724,24,,Sco,HD 150416
2565,150450,6200,81497,42,,Her,HD 150450
2566,150557,6205,81734,14,,Oph,HD 150557
2567,150680,6212,81693,40,zet,Her,HD 150680
2568,150682,6213,81729,39,,Her,HD 150682
2569,150798,6217,82273,,alf,TrA,HD 150798
2570,150997,6220,81833,44,eta,Her,HD 150997
2571,151090,,81991,41,,Her,HD 151090
2572,151101,6223,81660,18,g,Dra,HD 151101
2573,151133,6224,82037,16,,Oph,HD 151133
2574,151179,6225,82140,25,,Sco,HD 151179
2575,151217,6228,82073,43,i,Her,HD 151217
2576,151249,6229,82363,,eta,Ara,HD 151249
2577,151431,6232,82162,19,,Oph,HD 151431
2578,151525,6234,82216,45,l,Her,HD 151525
2580,151680,6241,82396,26,eps,Sco,HD 151680
2581,151769,6243,82369,20,,Oph,HD 151769
2582,151890,6247,82514,,mu.01,Sco,HD 151890
2583,151937,,82324,48,,Her,HD 151937
2584,151956,6250,82402,47,k,Her,HD 151956
2585,151985,6252,82545,,mu.02,Sco,HD 151985
2586,152107,6254,82321,52,,Her,HD 152107
2587,152127,6255,82480,21,,Oph,HD 152127
2588,152173,6258,82422,50,,Her,HD 152173
2589,152236,6262,82671,,zet01,Sco,HD 152236
2591,152308,6268,82526,49,,Her,HD 152308
2592,152326,6270,82504,51,,Her,HD 152326
2593,152334,6271,82729,,zet02,Sco,HD 152334
2595,152598,6279,82587,53,,Her,HD 152598
2596,152601,6280,82730,23,,Oph,HD 152601
2597,152614,6281,82673,25,iot,Oph,HD 152614
2598,152783,,82912,,RR,Sco,HD 152783
2599,152786,6285,83081,,zet,Ara,HD 152786
2600,152820,6288,82960,27,,Sco,HD 152820
2601,152849,6291,82925,24,,Oph,HD 152849
2602,152863,6292,82780,56,,Her,HD 152863
2603,152879,6293,82802,54,,Her,HD 152879
2604,152980,6295,83153,,eps01,Ara,HD 152980
2605,153210,6299,83000,27,kap,Oph,HD 153210
2606,153287,6305,82987,57,,Her,HD 153287
2607,153363,6310,83196,26,,Oph,HD 153363
2608,153580,6314,83431,,eps02,Ara,HD 153580
2609,153597,6315,82860,19,h,Dra,HD 153597
2610,153687,6318,83262,30,,Oph,HD 153687
2611,153697,6319,82898,20,,Dra,HD 153697
2612,153727,6321,83331,29,,Oph,HD 153727
2613,153751,6322,82080,22,eps,UMi,HD 153751
2614,153808,6324,83207,58,eps,Her,HD 153808
2615,154029,6332,83313,59,d,Her,HD 154029
2616,154090,6334,83574,,k,Sco,HD 154090
2617,154143,6337,83430,32,,Oph,HD 154143
2618,154356,6346,83462,61,,Her,HD 154356
2619,154494,6355,83613,60,,Her,HD 154494
2621,154905,6369,83608,21,mu.,Dra,HD 154905
2623,155103,6377,83838,,c,Her,HD 155103
2624,155125,6378,84012,35,eta,Oph,HD 155125
2625,155203,6380,84143,,eta,Sco,HD 155203
2626,155514,6391,84054,63,,Her,HD 155514
2627,155644,6393,84177,37,,Oph,HD 155644
2628,155763,6396,83895,22,zet,Dra,HD 155763
2629,155885,6401,84405,36,A,Oph,HD 155885
2631,156014,6406,84345,64,alf01,Her,HD 156014
2633,156164,6410,84379,65,del,Her,HD 156164
2634,156190,6411,84979,,iot,Aps,HD 156190
2635,156247,6414,84500,38,U,Oph,HD 156247
2636,156266,6415,84514,41,,Oph,HD 156266
2637,156277,6417,84969,,zet,Aps,HD 156277
2638,156283,6418,84380,67,pi.,Her,HD 156283
2639,156349,6424,84626,39,omi,Oph,HD 156349
2640,156350,6425,84625,39,omi,Oph,HD 156350
2641,156633,6431,84573,68,u,Her,HD 156633
2642,156681,6433,84671,,e,Oph,HD 156681
2643,156729,6436,84606,69,e,Her,HD 156729
2644,156897,6445,84893,40,ksi,Oph,HD 156897
2645,156928,6446,84880,53,nu.,Ser,HD 156928
2646,156947,6448,84496,,VW,Dra,HD 156947
2647,156979,,85035,,V636,Sco,HD 156979
2648,157042,6451,85079,,iot,Ara,HD 157042
2649,157056,6453,84970,42,the,Oph,HD 157056
2650,157198,6457,84887,70,,Her,HD 157198
2651,157214,6458,84862,72,w,Her,HD 157214
2652,157236,6459,85084,43,,Oph,HD 157236
2653,157244,6461,85258,,bet,Ara,HD 157244
2654,157246,6462,85267,,gam,Ara,HD 157246
2655,157325,6464,84835,74,,Her,HD 157325
2656,157457,6468,85312,,kap,Ara,HD 157457
2657,157728,6480,85157,73,,Her,HD 157728
2658,157778,6484,85112,75,rho,Her,HD 157778
2660,157792,6486,85340,44,b,Oph,HD 157792
2661,157919,6492,85423,45,d,Oph,HD 157919
2662,157950,6493,85365,47,,Oph,HD 157950
2663,157999,6498,85355,49,sig,Oph,HD 157999
2664,158094,6500,85727,,del,Ara,HD 158094
2665,158408,6508,85696,34,ups,Sco,HD 158408
2666,158414,6509,85379,77,x,Her,HD 158414
2667,158427,6510,85792,,alf,Ara,HD 158427
2668,158643,6519,85755,51,c,Oph,HD 158643
2669,158899,6526,85693,76,lam,Her,HD 158899
2670,158926,6527,85927,35,lam,Sco,HD 158926
2671,159139,6533,85790,78,,Her,HD 159139
2672,159181,6536,85670,23,bet,Dra,HD 159181
2673,159217,6537,86092,,sig,Ara,HD 159217
2674,159376,6545,86060,52,,Oph,HD 159376
2675,159433,6546,86170,,Q,Sco,HD 159433
2676,159480,6548,85998,53,f,Oph,HD 159480
2677,159492,6549,86305,,pi.,Ara,HD 159492
2678,159532,6553,86228,,the,Sco,HD 159532
2679,159541,6554,85819,24,nu.01,Dra,HD 159541
2680,159560,6555,85829,25,nu.02,Dra,HD 159560
2681,159561,6556,86032,55,alf,Oph,HD 159561
2682,159876,6561,86263,55,ksi,Ser,HD 159876
2683,159966,6566,85805,27,f,Dra,HD 159966
2684,159975,6567,86284,57,mu.,Oph,HD 159975
2685,160032,6569,86486,,lam,Ara,HD 160032
2686,160181,6571,86254,79,,Her,HD 160181
2687,160269,6573,86036,26,,Dra,HD 160269
2688,160290,6574,86182,82,y,Her,HD 160290
2689,160538,,85852,29,,Dra,HD 160538
2690,160578,6580,86670,,kap,Sco,HD 160578
2691,160613,6581,86565,56,omi,Ser,HD 160613
2692,160635,6582,86929,,eta,Pav,HD 160635
2693,160691,6585,86796,,mu.,Ara,HD 160691
2694,160762,6588,86414,85,iot,Her,HD 160762
2695,160915,6595,86736,58,,Oph,HD 160915
2696,160922,6596,86201,28,ome,Dra,HD 160922
2697,161074,6602,86667,83,,Her,HD 161074
2698,161096,6603,86742,60,bet,Oph,HD 161096
2699,161239,6608,86731,84,,Her,HD 161239
2700,161270,6609,86831,61,,Oph,HD 161270
2701,161471,6615,87073,,iot01,Sco,HD 161471
2702,161592,6616,87072,3,X,Sgr,HD 161592
2703,161783,6622,87314,,ups01,Ara,HD 161783
2704,161797,6623,86974,86,mu.,Her,HD 161797
2705,161868,6629,87108,62,gam,Oph,HD 161868
2706,161892,6630,87261,,G,Sco,HD 161892
2707,161912,6631,87294,,iot02,Sco,HD 161912
2708,161917,6632,87379,,ups02,Ara,HD 161917
2709,162003,6636,86614,31,psi,Dra,HD 162003
2710,162004,6637,86620,31,psi,Dra,HD 162004
2711,162211,6644,87194,87,,Her,HD 162211
2712,162579,6656,87212,30,,Dra,HD 162579
2713,162714,6661,87495,,Y,Oph,HD 162714
2714,162732,6664,87280,88,z,Her,HD 162732
2715,162978,6672,87706,63,,Oph,HD 162978
2716,163217,6677,87563,90,f,Her,HD 163217
2717,163506,6685,87747,89,,Her,HD 163506
2718,163588,6688,87585,32,ksi,Dra,HD 163588
2719,163770,6695,87808,91,the,Her,HD 163770
2720,163917,6698,88048,64,nu.,Oph,HD 163917
2721,163955,6700,88116,4,,Sgr,HD 163955
2722,163989,6701,87234,35,,Dra,HD 163989
2723,163990,6702,87850,,OP,Her,HD 163990
2724,163993,6703,87933,92,ksi,Her,HD 163993
2725,164058,6705,87833,33,gam,Dra,HD 164058
2726,164136,6707,87998,94,nu.,Her,HD 164136
2727,164259,6710,88175,57,zet,Ser,HD 164259
2728,164284,6712,88149,66,,Oph,HD 164284
2729,164349,6713,88128,93,,Her,HD 164349
2730,164353,6714,88192,67,,Oph,HD 164353
2731,164358,6715,88258,6,,Sgr,HD 164358
2732,164461,6721,92824,,chi,Oct,HD 164461
2733,164577,6723,88290,68,,Oph,HD 164577
2734,164584,6724,88380,7,,Sgr,HD 164584
2735,164613,6725,87728,34,,Dra,HD 164613
2736,164668,6729,88267,95,,Her,HD 164668
2738,164764,6733,88404,69,tau,Oph,HD 164764
2740,164794,6736,88469,9,,Sgr,HD 164794
2741,164852,6738,88331,96,,Her,HD 164852
2742,164900,6741,88346,97,,Her,HD 164900
2743,164975,6742,88567,,W,Sgr,HD 164975
2744,165024,6743,88714,,the,Ara,HD 165024
2745,165040,6745,88866,,pi.,Pav,HD 165040
2746,165135,6746,88635,10,gam,Sgr,HD 165135
2747,165174,6747,88522,,V986,Oph,HD 165174
2748,165341,6752,88601,70,p,Oph,HD 165341
2749,165499,6761,89042,,iot,Pav,HD 165499
2750,165625,6765,88657,98,,Her,HD 165625
2751,165760,6770,88765,71,,Oph,HD 165760
2752,165777,6771,88771,72,,Oph,HD 165777
2753,165908,6775,88745,99,b,Her,HD 165908
2754,166014,6779,88794,103,omi,Her,HD 166014
2755,166045,6781,88818,100,,Her,HD 166045
2756,166046,6782,88817,100,,Her,HD 166046
2757,166063,6783,89112,,eps,Tel,HD 166063
2758,166182,6787,88886,102,,Her,HD 166182
2759,166205,6789,85822,23,del,UMi,HD 166205
2760,166230,6794,88899,101,,Her,HD 166230
2761,166233,6795,88964,73,,Oph,HD 166233
2762,166464,6801,89153,11,,Sgr,HD 166464
2763,166865,6809,88127,40,,Dra,HD 166865
2764,166866,6810,88136,41,,Dra,HD 166866
2765,166926,6811,85699,24,,UMi,HD 166926
2766,166937,6812,89341,13,mu.,Sgr,HD 166937
2767,167006,6815,89172,104,A,Her,HD 167006
2768,167036,6816,89369,14,,Sgr,HD 167036
2769,167263,6823,89440,16,,Sgr,HD 167263
2770,167264,6822,89439,15,,Sgr,HD 167264
2771,167468,6829,90133,,phi,Oct,HD 167468
2772,167570,,89567,17,,Sgr,HD 167570
2773,167618,6832,89642,,eta,Sgr,HD 167618
2774,167647,6833,89637,,RS,Sgr,HD 167647
2775,168151,6850,89348,36,,Dra,HD 168151
2776,168339,6855,90098,,ksi,Pav,HD 168339
2777,168454,6859,89931,19,del,Sgr,HD 168454
2778,168532,6860,89773,105,,Her,HD 168532
2779,168608,6863,89968,,Y,Sgr,HD 168608
2780,168653,6865,89448,37,,Dra,HD 168653
2781,168656,6866,89918,74,,Oph,HD 168656
2782,168720,6868,89861,106,,Her,HD 168720
2783,168723,6869,89962,58,eta,Ser,HD 168723
2784,168775,6872,89826,1,kap,Lyr,HD 168775
2785,168913,6876,89925,108,,Her,HD 168913
2786,168914,6877,89935,107,t,Her,HD 168914
2787,169022,6879,90185,20,eps,Sgr,HD 169022
2788,169027,,89594,38,,Dra,HD 169027
2789,169156,6884,90135,,zet,Sct,HD 169156
2790,169233,6888,90260,18,,Sgr,HD 169233
2791,169414,6895,90139,109,,Her,HD 169414
2792,169420,6896,90289,21,,Sgr,HD 169420
2793,169467,6897,90422,,alf,Tel,HD 169467
2794,169702,6903,90191,2,mu.,Lyr,HD 169702
2795,169767,6905,90568,,zet,Tel,HD 169767
2796,169916,6913,90496,22,lam,Sgr,HD 169916
2797,169978,6916,90797,,nu.,Pav,HD 169978
2798,169985,6918,90441,59,d,Ser,HD 169985
2800,170000,6920,89908,43,phi,Dra,HD 170000
2801,170073,6923,90156,39,b,Dra,HD 170073
2802,170153,6927,89937,44,chi,Dra,HD 170153
2803,170296,6930,90595,,gam,Sct,HD 170296
2804,170465,6934,90830,,del01,Tel,HD 170465
2805,170474,6935,90642,60,c,Ser,HD 170474
2806,170523,6938,90853,,del02,Tel,HD 170523
2807,170693,6945,90344,42,,Dra,HD 170693
2808,170845,6951,90982,,the,CrA,HD 170845
2809,170867,6953,90969,,kap01,CrA,HD 170867
2810,170868,6952,90968,,kap02,CrA,HD 170868
2811,170920,6957,90844,61,,Ser,HD 170920
2812,171115,6961,91004,24,,Sgr,HD 171115
2813,171237,6965,91066,25,,Sgr,HD 171237
2814,171443,6973,91117,,alf,Sct,HD 171443
2815,171635,6978,90905,45,d,Dra,HD 171635
2816,171759,6982,91792,,zet,Pav,HD 171759
2817,171978,6993,91322,,e,Ser,HD 171978
2818,172167,7001,91262,3,alf,Lyr,HD 172167
2819,172380,7009,91373,,XY,Lyr,HD 172380
2820,172546,7011,91689,26,,Sgr,HD 172546
2821,172748,7020,91726,,del,Sct,HD 172748
2822,172777,7021,91875,,lam,CrA,HD 172777
2823,173009,7032,91845,,eps,Sct,HD 173009
2824,173168,7036,92294,,the,Pav,HD 173168
2825,173300,7039,92041,27,phi,Sgr,HD 173300
2826,173370,7040,91975,4,,Aql,HD 173370
2827,173460,7046,92111,28,,Sgr,HD 173460
2828,173524,7049,91755,46,c,Dra,HD 173524
2829,173540,7050,92226,,mu.,CrA,HD 173540
2830,173582,7051,91919,4,eps01,Lyr,HD 173582
2832,173607,7053,91926,5,eps02,Lyr,HD 173607
2834,173648,7056,91971,6,zet01,Lyr,HD 173648
2835,173649,7057,91973,7,zet02,Lyr,HD 173649
2836,173654,7059,92117,5,,Aql,HD 173654
2837,173667,7061,92043,110,,Her,HD 173667
2838,173715,7062,92308,,eta01,CrA,HD 173715
2839,173764,7063,92175,,bet,Sct,HD 173764
2840,173819,7066,92202,,R,Sct,HD 173819
2841,173861,7068,92382,,eta02,CrA,HD 173861
2842,173880,7069,92161,111,,Her,HD 173880
2843,173948,7074,92609,,lam,Pav,HD 173948
2844,174116,7078,92390,29,,Sgr,HD 174116
2845,174295,7087,92646,,kap,Tel,HD 174295
2846,174309,7088,92480,30,,Sgr,HD 174309
2847,174343,,92204,205,,Dra,HD 174343
2848,174585,7100,92398,8,nu.01,Lyr,HD 174585
2849,174589,7101,92524,8,,Aql,HD 174589
2850,174602,7102,92405,9,nu.,Lyr,HD 174602
2851,174638,7106,92420,10,bet,Lyr,HD 174638
2854,174694,7107,93015,,kap,Pav,HD 174694
2855,174933,7113,92614,112,,Her,HD 174933
2856,174947,7114,92747,33,,Sgr,HD 174947
2857,174974,7116,92761,32,nu.01,Sgr,HD 174974
2858,175190,7120,92845,35,nu.02,Sgr,HD 175190
2859,175191,7121,92855,34,sig,Sgr,HD 175191
2860,175286,7124,92112,50,,Dra,HD 175286
2861,175306,7125,92512,47,omi,Dra,HD 175306
2862,175329,7127,93163,,ome,Pav,HD 175329
2863,175426,7131,92728,11,del01,Lyr,HD 175426
2864,175492,7133,92818,113,,Her,HD 175492
2866,175510,7134,93148,,lam,Tel,HD 175510
2867,175515,7135,92872,62,,Ser,HD 175515
2868,175588,7139,92791,12,del02,Lyr,HD 175588
2869,175638,7141,92946,63,the01,Ser,HD 175638
2870,175639,7142,92951,63,the02,Ser,HD 175639
2871,175687,7145,93057,36,ksi01,Sgr,HD 175687
2872,175751,7149,93026,,eta,Sct,HD 175751
2873,175775,7150,93085,37,ksi02,Sgr,HD 175775
2874,175813,7152,93174,,eps,CrA,HD 175813
2875,175865,7157,92862,13,R,Lyr,HD 175865
2876,175869,7158,93051,64,,Ser,HD 175869
2877,176155,7165,93124,,FF,Aql,HD 176155
2878,176232,7167,93179,10,,Aql,HD 176232
2879,176303,7172,93203,11,,Aql,HD 176303
2880,176408,7175,92997,48,,Dra,HD 176408
2881,176411,7176,93244,13,eps,Aql,HD 176411
2882,176437,7178,93194,14,gam,Lyr,HD 176437
2883,176524,7180,92782,52,ups,Dra,HD 176524
2884,176638,7188,93542,,zet,CrA,HD 176638
2885,176670,7192,93279,15,lam,Lyr,HD 176670
2886,176678,7193,93429,12,i,Aql,HD 176678
2887,176687,7194,93506,38,zet,Sgr,HD 176687
2888,176984,7209,93526,14,g,Aql,HD 176984
2889,177171,7213,93815,,rho,Tel,HD 177171
2890,177196,7215,93408,16,,Lyr,HD 177196
2891,177241,7217,93683,39,omi,Sgr,HD 177241
2892,177249,7218,93340,49,,Dra,HD 177249
2893,177463,7225,93717,15,h,Aql,HD 177463
2894,177474,7226,93825,,gam,CrA,HD 177474
2896,177482,7228,104382,,sig,Oct,HD 177482
2897,177716,7234,93864,40,tau,Sgr,HD 177716
2898,177724,7235,93747,17,zet,Aql,HD 177724
2899,177756,7236,93805,16,lam,Aql,HD 177756
2900,177873,7242,94005,,del,CrA,HD 177873
2902,178125,7248,93867,18,,Aql,HD 178125
2903,178207,7251,93713,51,,Dra,HD 178207
2904,178253,7254,94114,,alf,CrA,HD 178253
2905,178345,7259,94160,,bet,CrA,HD 178345
2906,178449,7261,93917,17,,Lyr,HD 178449
2907,178475,7262,93903,18,iot,Lyr,HD 178475
2908,178524,7264,94141,41,pi.,Sgr,HD 178524
2909,178596,7266,94068,19,,Aql,HD 178596
2910,179009,7274,94724,,tau,Pav,HD 179009
2911,179406,7279,94385,20,,Aql,HD 179406
2912,179527,7283,94311,19,,Lyr,HD 179527
2913,179761,7287,94477,21,,Aql,HD 179761
2914,179933,7290,94140,55,,Dra,HD 179933
2915,179950,7292,94643,42,psi,Sgr,HD 179950
2916,180006,7295,94302,53,,Dra,HD 180006
2917,180093,7296,94730,,RY,Sgr,HD 180093
2918,180163,7298,94481,20,eta,Lyr,HD 180163
2919,180317,7301,94620,1,,Sge,HD 180317
2920,180482,7303,94727,22,,Aql,HD 180482
2921,180540,7304,94820,43,d,Sgr,HD 180540
2922,180554,7306,94703,1,,Vul,HD 180554
2923,180610,7309,94490,54,,Dra,HD 180610
2924,180711,7310,94376,57,del,Dra,HD 180711
2925,180777,7312,94083,59,,Dra,HD 180777
2926,180809,7314,94713,21,the,Lyr,HD 180809
2927,180868,7315,94834,25,ome01,Aql,HD 180868
2928,180968,7318,94827,2,,Vul,HD 180968
2929,180972,7319,94885,23,,Aql,HD 180972
2930,181053,7321,94913,24,,Aql,HD 181053
2931,181182,7326,94910,,U,Sge,HD 181182
2932,181276,7328,94779,1,kap,Cyg,HD 181276
2933,181296,7329,95261,,eta,Tel,HD 181296
2934,181333,7331,94982,28,A,Aql,HD 181333
2935,181383,7332,95002,29,ome02,Aql,HD 181383
2936,181391,7333,95066,26,f,Aql,HD 181391
2937,181440,7336,95073,27,d,Aql,HD 181440
2938,181454,7337,95241,,bet01,Sgr,HD 181454
2939,181577,7340,95168,44,rho01,Sgr,HD 181577
2940,181615,7342,95176,46,ups,Sgr,HD 181615
2941,181623,7343,95294,,bet02,Sgr,HD 181623
2942,181645,7344,95188,45,rho02,Sgr,HD 181645
2943,181869,7348,95347,,alf,Sgr,HD 181869
2944,181984,7352,94648,60,tau,Dra,HD 181984
2945,182255,7358,95260,3,,Vul,HD 182255
2946,182369,7362,95477,47,chi01,Sgr,HD 182369
2947,182391,,95486,48,chi02,Sgr,HD 182391
2948,182416,7363,95503,49,chi03,Sgr,HD 182416
2949,182490,7369,95398,2,,Sge,HD 182490
2950,182564,7371,95081,58,pi.,Dra,HD 182564
2951,182568,7372,95372,2,,Cyg,HD 182568
2952,182571,,95435,3,,Sge,HD 182571
2953,182572,7373,95447,31,b,Aql,HD 182572
2954,182629,7375,95564,50,,Sgr,HD 182629
2955,182640,7377,95501,30,del,Aql,HD 182640
2956,182762,7385,95498,4,,Vul,HD 182762
2957,182835,7387,95585,32,nu.,Aql,HD 182835
2958,182919,7390,95560,5,,Vul,HD 182919
2959,183028,7393,95932,,mu.,Tel,HD 183028
2960,183030,7394,84535,,lam,UMi,HD 183030
2961,183056,7395,95556,4,,Cyg,HD 183056
2962,183324,7400,95793,35,c,Aql,HD 183324
2963,183344,7402,95820,,U,Aql,HD 183344
2964,183439,7405,95771,6,alf,Vul,HD 183439
2965,183491,7406,95785,8,,Vul,HD 183491
2966,183534,7408,95656,7,,Cyg,HD 183534
2967,183537,7409,95818,7,,Vul,HD 183537
2968,183556,,95154,,UX,Dra,HD 183556
2969,183630,7414,95937,36,e,Aql,HD 183630
2970,183912,7417,95947,6,bet01,Cyg,HD 183912
2971,183914,7418,95951,6,bet02,Cyg,HD 183914
2972,184006,7420,95853,10,iot,Cyg,HD 184006
2973,184127,7424,96341,,iot,Tel,HD 184127
2974,184171,7426,96052,8,,Cyg,HD 184171
2975,184406,7429,96229,38,mu.,Aql,HD 184406
2976,184492,7430,96327,37,,Aql,HD 184492
2977,184552,7431,96406,51,h01,Sgr,HD 184552
2978,184606,7437,96275,9,,Vul,HD 184606
2979,184707,7440,96465,52,h02,Sgr,HD 184707
2980,184759,7441,96302,9,,Cyg,HD 184759
2981,184915,7446,96483,39,kap,Aql,HD 184915
2982,184930,7447,96468,41,iot,Aql,HD 184930
2983,185037,7457,96387,11,,Cyg,HD 185037
2984,185124,7460,96556,42,,Aql,HD 185124
2985,185144,7462,96100,61,sig,Dra,HD 185144
2986,185194,7463,96516,4,eps,Sge,HD 185194
2987,185395,7469,96441,13,the,Cyg,HD 185395
2988,185404,7470,96729,53,,Sgr,HD 185404
2990,185507,7474,96665,44,sig,Aql,HD 185507
2991,185644,7476,96808,54,e01,Sgr,HD 185644
2992,185734,7478,96683,12,phi,Cyg,HD 185734
2993,185758,7479,96757,5,alf,Sge,HD 185758
2994,185762,7480,96807,45,,Aql,HD 185762
2995,185872,7483,96693,14,,Cyg,HD 185872
2996,185936,7486,96840,,QS,Aql,HD 185936
2997,185958,7488,96837,6,bet,Sge,HD 185958
2998,186005,7489,96950,55,e02,Sgr,HD 186005
2999,186122,7493,96931,46,,Aql,HD 186122
3000,186203,7497,96957,47,chi,Aql,HD 186203
3002,186408,7503,96895,16,c,Cyg,HD 186408
3003,186427,7504,96901,16,c,Cyg,HD 186427
3004,186486,7506,97077,10,,Vul,HD 186486
3005,186543,7510,97421,,nu.,Tel,HD 186543
3006,186547,7511,97139,48,psi,Aql,HD 186547
3007,186648,7515,97290,56,f,Sgr,HD 186648
3008,186675,7517,97118,15,,Cyg,HD 186675
3010,186689,7519,97229,49,ups,Aql,HD 186689
3011,186791,7525,97278,50,gam,Aql,HD 186791
3012,186882,7528,97165,18,del,Cyg,HD 186882
3013,187013,7534,97295,17,,Cyg,HD 187013
3014,187076,7536,97365,7,del,Sge,HD 187076
3016,187259,7544,97473,52,pi.,Aql,HD 187259
3018,187362,7546,97496,8,zet,Sge,HD 187362
3019,187532,7553,97650,51,,Aql,HD 187532
3020,187642,7557,97649,53,alf,Aql,HD 187642
3021,187691,7560,97675,54,omi,Aql,HD 187691
3022,187739,7561,97783,57,,Sgr,HD 187739
3023,187796,7564,97629,,chi,Cyg,HD 187796
3024,187811,7565,97679,12,,Vul,HD 187811
3025,187849,7566,97630,19,,Cyg,HD 187849
3026,187879,7567,97634,,V380,Cyg,HD 187879
3027,187929,7570,97804,55,eta,Aql,HD 187929
3028,188001,7574,97796,9,,Sge,HD 188001
3029,188056,7576,97635,20,d,Cyg,HD 188056
3030,188114,7581,98032,,iot,Sgr,HD 188114
3031,188119,7582,97433,63,eps,Dra,HD 188119
3032,188154,7584,97928,56,,Aql,HD 188154
3033,188228,7590,98495,,eps,Pav,HD 188228
3034,188260,7592,97886,13,,Vul,HD 188260
3035,188293,7593,97966,57,,Aql,HD 188293
3036,188294,7594,97967,57,,Aql,HD 188294
3037,188310,7595,97938,59,ksi,Aql,HD 188310
3038,188350,7596,97980,58,,Aql,HD 188350
3039,188376,7597,98066,58,ome,Sgr,HD 188376
3040,188512,7602,98036,60,bet,Aql,HD 188512
3041,188584,7603,98478,,mu.01,Pav,HD 188584
3042,188603,7604,98162,59,b01,Sgr,HD 188603
3043,188665,7608,97870,23,,Cyg,HD 188665
3044,188727,7609,98085,10,S,Sge,HD 188727
3045,188728,7610,98103,61,phi,Aql,HD 188728
3046,188887,7612,98624,,mu.02,Pav,HD 188887
3047,188892,7613,98068,22,,Cyg,HD 188892
3048,188899,7614,98258,61,g,Sgr,HD 188899
3049,188947,7615,98110,21,eta,Cyg,HD 188947
3050,189005,7618,98353,60,A,Sgr,HD 189005
3051,189037,7619,98055,24,psi,Cyg,HD 189037
3052,189090,7622,98234,11,,Sge,HD 189090
3053,189103,7623,98412,,the01,Sgr,HD 189103
3054,189118,7624,98421,,the02,Sgr,HD 189118
3055,189319,7635,98337,12,gam,Sge,HD 189319
3056,189410,7641,98375,14,,Vul,HD 189410
3057,189577,7645,98438,13,,Sge,HD 189577
3058,189687,7647,98425,25,,Cyg,HD 189687
3059,189741,7649,98633,63,,Sgr,HD 189741
3060,189763,7650,98688,62,c,Sgr,HD 189763
3061,189849,7653,98543,15,,Vul,HD 189849
3062,190004,7657,98636,16,,Vul,HD 190004
3063,190147,7660,98571,26,e,Cyg,HD 190147
3064,190229,7664,98754,14,,Sge,HD 190229
3065,190248,7665,99240,,del,Pav,HD 190248
3066,190299,7667,98844,62,,Aql,HD 190299
3067,190327,7669,98823,63,tau,Aql,HD 190327
3068,190406,7672,98819,15,,Sge,HD 190406
3069,190421,7673,99120,,ksi,Tel,HD 190421
3070,190454,7675,98953,65,,Sgr,HD 190454
3071,190544,7676,98583,64,e,Dra,HD 190544
3072,190608,7679,98920,16,eta,Sge,HD 190608
3073,190713,7682,98658,65,,Dra,HD 190713
3074,190940,7685,98702,67,rho,Dra,HD 190940
3075,190960,7686,98401,69,,Dra,HD 190960
3076,190993,7688,99080,17,,Vul,HD 190993
3077,191026,7689,99031,27,b01,Cyg,HD 191026
3078,191067,7690,99171,64,,Aql,HD 191067
3079,191277,7701,98962,66,,Dra,HD 191277
3080,191570,7705,99352,17,the,Sge,HD 191570
3082,191610,7708,99303,28,b02,Cyg,HD 191610
3083,191692,7710,99473,65,the,Aql,HD 191692
3084,191747,7711,99404,18,,Vul,HD 191747
3085,191753,7712,99529,1,ksi01,Cap,HD 191753
3086,191862,7715,99572,2,ksi,Cap,HD 191862
3087,192004,7718,99518,19,,Vul,HD 192004
3088,192044,7719,99531,20,,Vul,HD 192044
3089,192107,7720,99631,66,,Aql,HD 192107
3090,192425,7724,99742,67,rho,Aql,HD 192425
3091,192455,7727,99500,68,,Dra,HD 192455
3092,192514,7730,99639,30,,Cyg,HD 192514
3093,192518,7731,99738,21,,Vul,HD 192518
3094,192577,7735,99675,31,omi01,Cyg,HD 192577
3095,192640,7736,99770,29,b03,Cyg,HD 192640
3096,192666,7738,99918,3,,Cap,HD 192666
3097,192696,7740,99655,33,,Cyg,HD 192696
3098,192713,7741,99853,22,,Vul,HD 192713
3099,192806,7744,99874,23,,Vul,HD 192806
3100,192836,7746,99913,18,,Sge,HD 192836
3101,192876,7747,100027,5,alf01,Cap,HD 192876
3102,192879,7748,100062,4,,Cap,HD 192879
3103,192907,7750,99255,1,kap,Cep,HD 192907
3104,192909,7751,99848,32,omi02,Cyg,HD 192909
3105,192944,7753,99951,24,,Vul,HD 192944
3106,192947,7754,100064,6,alf02,Cap,HD 192947
3107,193150,7761,100195,7,sig,Cap,HD 193150
3108,193237,7763,100044,34,P,Cyg,HD 193237
3109,193369,7769,100108,36,,Cyg,HD 193369
3110,193370,7770,100122,35,,Cyg,HD 193370
3111,193432,7773,100310,8,nu.,Cap,HD 193432
3112,193452,7775,100325,,bet02,Cap,HD 193452
3113,193495,7776,100345,9,bet,Cap,HD 193495
3114,193571,7779,100469,,kap01,Sgr,HD 193571
3116,193807,7787,100591,,kap02,Sgr,HD 193807
3117,193911,7789,100435,25,,Vul,HD 193911
3118,193924,7790,100751,,alf,Pav,HD 193924
3119,193964,7792,100221,71,,Dra,HD 193964
3120,194093,7796,100453,37,gam,Cyg,HD 194093
3121,194258,7804,100261,,AC,Dra,HD 194258
3122,194317,7806,100587,39,,Cyg,HD 194317
3123,194636,7814,100881,10,pi.,Cap,HD 194636
3124,194939,7821,100977,68,,Aql,HD 194939
3125,194943,7822,101027,11,rho,Cap,HD 194943
3126,195050,7826,100907,40,,Cyg,HD 195050
3127,195068,7828,100859,43,,Cyg,HD 195068
3128,195093,7829,101120,12,omi,Cap,HD 195093
3129,195094,7830,101123,12,omi,Cap,HD 195094
3130,195135,7831,101101,69,,Aql,HD 195135
3131,195295,7834,101076,41,,Cyg,HD 195295
3132,195324,7835,101067,42,,Cyg,HD 195324
3133,195325,7836,101160,1,,Del,HD 195325
3134,195556,7844,101138,45,ome01,Cyg,HD 195556
3135,195569,7846,101477,,nu.,Mic,HD 195569
3136,195593,7847,101214,44,,Cyg,HD 195593
3137,195627,7848,101612,,phi01,Pav,HD 195627
3138,195725,7850,101093,2,the,Cep,HD 195725
3139,195774,7851,101243,46,ome02,Cyg,HD 195774
3140,195810,7852,101421,2,eps,Del,HD 195810
3141,195943,7858,101483,3,eta,Del,HD 195943
3142,195961,7859,101773,,rho,Pav,HD 195961
3143,196051,7863,102162,,mu.01,Oct,HD 196051
3144,196067,7864,102125,,mu.02,Oct,HD 196067
3145,196093,7866,101474,47,,Cyg,HD 196093
3147,196171,7869,101772,,alf,Ind,HD 196171
3148,196180,7871,101589,4,zet,Del,HD 196180
3149,196321,7873,101692,70,,Aql,HD 196321
3150,196348,,101751,13,tau01,Cap,HD 196348
3151,196362,7874,101641,26,,Vul,HD 196362
3152,196378,7875,101983,,phi02,Pav,HD 196378
3153,196502,7879,101260,73,,Dra,HD 196502
3154,196504,7880,101716,27,,Vul,HD 196504
3155,196519,7881,102157,,ups,Pav,HD 196519
3156,196524,7882,101769,6,bet,Del,HD 196524
3157,196544,7883,101800,5,iot,Del,HD 196544
3158,196574,7884,101847,71,l,Aql,HD 196574
3159,196606,7885,101765,48,,Cyg,HD 196606
3160,196662,7889,101923,14,tau,Cap,HD 196662
3161,196724,7891,101867,29,,Vul,HD 196724
3162,196725,7892,101882,8,the,Del,HD 196725
3163,196740,7894,101868,28,,Vul,HD 196740
3164,196755,7896,101916,7,kap,Del,HD 196755
3165,196758,7897,101936,1,,Aqr,HD 196758
3166,196777,7900,101984,15,ups,Cap,HD 196777
3167,196787,7901,100965,75,,Dra,HD 196787
3168,196867,7906,101958,9,alf,Del,HD 196867
3169,196925,7908,101082,74,,Dra,HD 196925
3170,197051,7913,102395,,bet,Pav,HD 197051
3171,197121,7918,102080,10,,Del,HD 197121
3172,197157,7920,102333,,eta,Ind,HD 197157
3173,197177,7921,102066,49,,Cyg,HD 197177
3175,197345,7924,102098,50,alf,Cyg,HD 197345
3176,197461,7928,102281,11,del,Del,HD 197461
3177,197511,7929,102177,51,,Cyg,HD 197511
3178,197572,7932,102276,,X,Cyg,HD 197572
3179,197635,7934,102773,,sig,Pav,HD 197635
3180,197692,7936,102485,16,psi,Cap,HD 197692
3181,197725,7937,102487,17,,Cap,HD 197725
3182,197752,7939,102388,30,,Vul,HD 197752
3183,197812,7941,102440,,U,Del,HD 197812
3184,197912,7942,102453,52,,Cyg,HD 197912
3185,197937,7943,102693,,iot,Mic,HD 197937
3186,197950,7945,102253,4,,Cep,HD 197950
3187,197963,7947,102531,12,gam01,Del,HD 197963
3188,197964,7948,102532,12,gam02,Del,HD 197964
3189,197989,7949,102488,53,eps,Cyg,HD 197989
3190,198001,7950,102618,2,eps,Aqr,HD 198001
3191,198026,7951,102624,3,k,Aqr,HD 198026
3192,198048,7952,102790,,zet,Ind,HD 198048
3193,198069,7953,102633,13,,Del,HD 198069
3194,198084,7955,102431,,ups01,Cep,HD 198084
3195,198134,7956,102571,,T,Cyg,HD 198134
3196,198149,7957,102422,3,eta,Cep,HD 198149
3197,198183,7963,102589,54,lam,Cyg,HD 198183
3198,198232,7965,102831,,alf,Mic,HD 198232
3199,198308,7968,102950,,iot,Ind,HD 198308
3200,198390,7973,102805,15,,Del,HD 198390
3201,198391,7974,102819,14,,Del,HD 198391
3202,198478,7977,102724,55,,Cyg,HD 198478
3203,198529,7979,102989,,bet,Mic,HD 198529
3204,198542,7980,102978,18,ome,Cap,HD 198542
3205,198571,7982,102945,4,,Aqr,HD 198571
3206,198639,7984,102843,56,,Cyg,HD 198639
3207,198667,7985,103005,5,,Aqr,HD 198667
3208,198700,7986,103227,,bet,Ind,HD 198700
3209,198726,7988,102949,,T,Vul,HD 198726
3210,198743,7990,103045,6,mu.,Aqr,HD 198743
3211,198809,7995,103004,31,,Vul,HD 198809
3212,199012,8000,103226,19,,Cap,HD 199012
3213,199081,8001,103089,57,,Cyg,HD 199081
3214,199095,8002,102208,76,,Dra,HD 199095
3215,199140,8007,103191,,BW,Vul,HD 199140
3216,199169,8008,103200,32,,Vul,HD 199169
3217,199253,8011,103294,17,,Del,HD 199253
3218,199254,8012,103298,16,,Del,HD 199254
3219,199345,8015,103401,7,,Aqr,HD 199345
3220,199532,8021,104043,,alf,Oct,HD 199532
3221,199629,8028,103413,58,nu.,Cyg,HD 199629
3222,199665,8030,103527,18,,Del,HD 199665
3223,199697,8032,103511,33,,Vul,HD 199697
3224,199728,8033,103616,20,,Cap,HD 199728
3225,199766,8034,103569,1,eps,Equ,HD 199766
3226,199951,8039,103738,,gam,Mic,HD 199951
3227,199960,8041,103682,11,,Aqr,HD 199960
3228,200120,8047,103632,59,f01,Cyg,HD 200120
3229,200163,8048,103882,,zet,Mic,HD 200163
3230,200256,,103813,2,lam,Equ,HD 200256
3231,200310,8053,103732,60,,Cyg,HD 200310
3232,200365,8055,104085,,mu.,Ind,HD 200365
3233,200496,8058,103981,12,,Aqr,HD 200496
3235,200499,8060,104019,22,eta,Cap,HD 200499
3236,200644,8066,104031,3,,Equ,HD 200644
3237,200702,8069,104177,,eta,Mic,HD 200702
3238,200718,8070,104148,,del,Mic,HD 200718
3239,200761,8075,104139,23,the,Cap,HD 200761
3240,200763,8076,104174,2,,PsA,HD 200763
3241,200790,8077,104101,4,,Equ,HD 200790
3242,200905,8079,104060,62,ksi,Cyg,HD 200905
3243,200914,8080,104234,24,A,Cap,HD 200914
3244,201078,8084,104185,,DT,Cyg,HD 201078
3245,201091,8085,104214,61,,Cyg,HD 201091
3246,201092,8086,104217,61,,Cyg,HD 201092
3247,201184,8087,104365,25,chi,Cap,HD 201184
3248,201251,8089,104194,63,f02,Cyg,HD 201251
3249,201352,8091,104452,27,,Cap,HD 201352
3250,201371,8092,104755,,omi,Pav,HD 201371
3251,201381,8093,104459,13,nu.,Aqr,HD 201381
3252,201433,8094,104371,,V389,Cyg,HD 201433
3253,201601,8097,104521,5,gam,Equ,HD 201601
3254,201616,8098,104538,6,,Equ,HD 201616
3255,201901,8110,104750,3,,PsA,HD 201901
3256,201908,8112,104105,77,,Dra,HD 201908
3258,202109,8115,104732,64,zet,Cyg,HD 202109
3259,202275,8123,104858,7,del,Equ,HD 202275
3260,202320,8127,104963,28,phi,Cap,HD 202320
3261,202369,8128,104974,29,,Cap,HD 202369
3262,202444,8130,104887,65,tau,Cyg,HD 202444
3263,202447,8131,104987,8,alf,Equ,HD 202447
3264,202627,8135,105140,,eps,Mic,HD 202627
3265,202671,8137,105143,30,,Cap,HD 202671
3266,202723,8139,105168,31,,Cap,HD 202723
3267,202730,8140,105319,,the,Ind,HD 202730
3268,202753,8141,105164,15,,Aqr,HD 202753
3269,202850,8143,105102,67,sig,Cyg,HD 202850
3270,202904,8146,105138,66,ups,Cyg,HD 202904
3271,203006,8151,105382,,the01,Mic,HD 203006
3272,203064,8154,105186,68,A,Cyg,HD 203064
3273,203133,8156,105678,,Y,Pav,HD 203133
3274,203222,8160,105412,16,,Aqr,HD 203222
3275,203280,8162,105199,5,alf,Cep,HD 203280
3276,203291,8163,105413,9,,Equ,HD 203291
3277,203344,8165,105411,34,,Vul,HD 203344
3278,203387,8167,105515,32,iot,Cap,HD 203387
3279,203467,8171,105268,6,,Cep,HD 203467
3280,203504,8173,105502,1,,Peg,HD 203504
3281,203525,8175,105574,17,,Aqr,HD 203525
3282,203562,8178,105570,10,bet,Equ,HD 203562
3283,203585,8180,105696,,the02,Mic,HD 203585
3284,203608,8181,105858,,gam,Pav,HD 203608
3285,203638,8183,105665,33,,Cap,HD 203638
3286,203705,8187,105668,18,,Aqr,HD 203705
3287,203760,8188,105841,,gam,Ind,HD 203760
3288,203843,8192,105729,20,,Aqr,HD 203843
3289,203875,8195,105761,19,,Aqr,HD 203875
3290,203881,8196,106044,,SX,Pav,HD 203881
3291,203926,8199,105767,21,,Aqr,HD 203926
3292,204075,8204,105881,34,zet,Cap,HD 204075
3293,204139,8207,105928,35,,Cap,HD 204139
3294,204172,8209,105811,69,,Cyg,HD 204172
3295,204381,8213,106039,36,b,Cap,HD 204381
3296,204394,8214,106067,5,,PsA,HD 204394
3297,204403,8215,105942,70,,Cyg,HD 204403
3298,204414,8217,105966,35,,Vul,HD 204414
3299,204724,8225,106140,2,,Peg,HD 204724
3300,204770,8227,105972,7,,Cep,HD 204770
3301,204771,8228,106093,71,g,Cyg,HD 204771
3302,204783,8229,106327,,ksi,Gru,HD 204783
3303,204854,8230,106340,6,,PsA,HD 204854
3304,204867,8232,106278,22,bet,Aqr,HD 204867
3305,205021,8238,106032,8,bet,Cep,HD 205021
3306,205289,8245,106559,37,,Cap,HD 205289
3307,205435,8252,106481,73,rho,Cyg,HD 205435
3308,205471,8253,106654,8,,PsA,HD 205471
3309,205478,8254,107089,,nu.,Oct,HD 205478
3310,205512,8255,106551,72,,Cyg,HD 205512
3311,205529,8256,106703,7,,PsA,HD 205529
3312,205637,8260,106723,39,eps,Cap,HD 205637
3313,205730,8262,106642,,W,Cyg,HD 205730
3314,205767,8264,106786,23,ksi,Aqr,HD 205767
3315,205811,8265,106783,3,,Peg,HD 205811
3316,205835,8266,106711,74,,Cyg,HD 205835
3317,205852,8267,106787,5,,Peg,HD 205852
3318,205924,8270,106856,4,,Peg,HD 205924
3319,205939,8272,106752,,CP,Cyg,HD 205939
3320,206058,,106942,24,,Aqr,HD 206058
3321,206067,8277,106944,25,d,Aqr,HD 206067
3322,206088,8278,106985,40,gam,Cap,HD 206088
3323,206165,8279,106801,9,,Cep,HD 206165
3324,206240,8280,107843,,lam,Oct,HD 206240
3325,206301,8283,107095,42,,Cap,HD 206301
3326,206330,8284,106999,75,,Cyg,HD 206330
3327,206356,8285,107128,41,,Cap,HD 206356
3328,206445,8287,107144,26,,Aqr,HD 206445
3329,206453,8288,107188,43,kap,Cap,HD 206453
3330,206487,8289,107151,7,,Peg,HD 206487
3331,206538,8291,107097,76,,Cyg,HD 206538
3332,206561,8295,107232,44,,Cap,HD 206561
3333,206570,8297,107129,,V460,Cyg,HD 206570
3334,206644,8300,107162,77,,Cyg,HD 206644
3335,206672,8301,107136,80,pi.01,Cyg,HD 206672
3336,206677,8302,107302,45,,Cap,HD 206677
3337,206742,8305,107380,9,iot,PsA,HD 206742
3338,206774,8307,107253,79,,Cyg,HD 206774
3339,206778,8308,107315,8,eps,Peg,HD 206778
3340,206826,8309,107310,78,mu.01,Cyg,HD 206826
3342,206834,8311,107382,46,c,Cap,HD 206834
3343,206859,8313,107348,9,,Peg,HD 206859
3344,206901,8315,107354,10,kap,Peg,HD 206901
3345,206936,8316,107259,,mu.,Cep,HD 206936
3346,206952,8317,107119,11,,Cep,HD 206952
3347,207005,8318,107487,47,,Cap,HD 207005
3348,207052,8319,107517,48,lam,Cap,HD 207052
3349,207089,8321,107472,12,,Peg,HD 207089
3350,207098,8322,107556,49,del,Cap,HD 207098
3351,207130,8324,107230,78,,Dra,HD 207130
3352,207155,8326,107608,10,the,PsA,HD 207155
3353,207203,8328,107575,11,,Peg,HD 207203
3354,207241,8333,107835,,omi,Ind,HD 207241
3355,207260,8334,107418,10,nu.,Cep,HD 207260
3356,207330,8335,107533,81,pi.02,Cyg,HD 207330
3357,207528,8339,107586,12,,Cep,HD 207528
3358,207650,8343,107763,14,,Peg,HD 207650
3359,207652,8344,107788,13,,Peg,HD 207652
3360,207958,8351,108036,51,mu.,Cap,HD 207958
3361,207971,8353,108085,,gam,Gru,HD 207971
3362,207978,8354,107975,15,,Peg,HD 207978
3363,208057,8356,108022,16,,Peg,HD 208057
3364,208149,8362,108281,,pi.,Ind,HD 208149
3365,208450,8368,108431,,del,Ind,HD 208450
3366,208496,8369,108478,,kap,Ind,HD 208496
3367,208501,8371,108165,13,,Cep,HD 208501
3368,208565,8373,108339,17,,Peg,HD 208565
3369,208816,8383,108317,,VV,Cep,HD 208816
3370,209008,8385,108612,18,,Peg,HD 209008
3371,209014,8386,108661,12,eta,PsA,HD 209014
3372,209100,8387,108870,,eps,Ind,HD 209100
3373,209128,8390,108691,28,,Aqr,HD 209128
3374,209166,8392,108693,20,,Peg,HD 209166
3375,209167,8393,108699,19,,Peg,HD 209167
3376,209278,8396,108797,29,,Aqr,HD 209278
3377,209369,8400,108535,16,,Cep,HD 209369
3378,209396,8401,108868,30,,Aqr,HD 209396
3379,209409,8402,108874,31,omi,Aqr,HD 209409
3380,209459,8404,108875,21,,Peg,HD 209459
3381,209476,8405,108952,13,,PsA,HD 209476
3382,209481,8406,108772,14,,Cep,HD 209481
3383,209529,8409,109081,,kap,Ind,HD 209529
3384,209625,8410,108991,32,,Aqr,HD 209625
3385,209688,8411,109111,,lam,Gru,HD 209688
3386,209744,,108925,15,,Cep,HD 209744
3387,209747,8413,109068,22,nu.,Peg,HD 209747
3388,209750,8414,109074,34,alf,Aqr,HD 209750
3389,209772,8416,108924,18,,Cep,HD 209772
3390,209790,8417,108917,17,ksi,Cep,HD 209790
3392,209819,8418,109139,33,iot,Aqr,HD 209819
3393,209833,8419,109056,23,,Peg,HD 209833
3394,209952,8425,109268,,alf,Gru,HD 209952
3395,209960,8426,109005,20,,Cep,HD 209960
3396,209975,8428,109017,19,,Cep,HD 209975
3397,210027,8430,109176,24,iot,Peg,HD 210027
3398,210049,8431,109285,14,mu.,PsA,HD 210049
3399,210066,8433,109289,,ups,PsA,HD 210066
3400,210129,8438,109240,25,,Peg,HD 210129
3401,210191,8439,109332,35,,Aqr,HD 210191
3402,210302,8447,109422,15,tau,PsA,HD 210302
3403,210334,8448,109303,,AR,Lac,HD 210334
3404,210354,8449,109352,27,pi.01,Peg,HD 210354
3405,210418,8450,109427,26,the,Peg,HD 210418
3406,210422,,109460,37,,Aqr,HD 210422
3407,210424,8452,109472,38,e,Aqr,HD 210424
3408,210459,8454,109410,29,pi.,Peg,HD 210459
3409,210516,8459,109458,28,,Peg,HD 210516
3410,210705,8462,109624,39,,Aqr,HD 210705
3411,210745,8465,109492,21,zet,Cep,HD 210745
3412,210807,8468,109400,24,,Cep,HD 210807
3413,210839,8469,109556,22,lam,Cep,HD 210839
3414,210853,8471,110078,,psi,Oct,HD 210853
3415,210934,8478,109789,16,lam,PsA,HD 210934
3416,210960,8480,109786,41,,Aqr,HD 210960
3417,210967,8481,110256,,eps,Oct,HD 210967
3418,211088,8486,109908,,mu.01,Gru,HD 211088
3419,211202,8488,109973,,mu.02,Gru,HD 211202
3420,211336,8494,109857,23,eps,Cep,HD 211336
3421,211361,8496,110000,42,,Aqr,HD 211361
3422,211388,8498,109937,1,,Lac,HD 211388
3423,211391,8499,110003,43,the,Aqr,HD 211391
3424,211416,8502,110130,,alf,Tuc,HD 211416
3425,211434,8504,110023,44,,Aqr,HD 211434
3426,211539,8505,111196,,ups,Oct,HD 211539
3427,211676,8508,110179,45,,Aqr,HD 211676
3428,211833,8511,110103,25,,Cep,HD 211833
3429,211838,8512,110273,46,rho,Aqr,HD 211838
3430,211924,8513,110298,30,,Peg,HD 211924
3431,211998,8515,110618,,nu.,Ind,HD 211998
3432,212010,8516,110391,47,,Aqr,HD 212010
3433,212061,8518,110395,48,gam,Aqr,HD 212061
3434,212076,8520,110386,31,,Peg,HD 212076
3435,212087,8521,110478,,pi.01,Gru,HD 212087
3436,212097,8522,110371,32,,Peg,HD 212097
3437,212120,8523,110351,2,,Lac,HD 212120
3438,212132,8524,110506,,pi.02,Gru,HD 212132
3439,212271,8529,110529,49,,Aqr,HD 212271
3440,212395,8532,110548,33,,Peg,HD 212395
3441,212404,8533,110578,51,,Aqr,HD 212404
3442,212430,8534,110602,50,,Aqr,HD 212430
3443,212466,,110504,,RW,Cep,HD 212466
3444,212496,8538,110538,3,bet,Lac,HD 212496
3445,212571,8539,110672,52,pi.,Aqr,HD 212571
3446,212581,8540,110838,,del,Tuc,HD 212581
3447,212593,8541,110609,4,,Lac,HD 212593
3448,212697,8544,110778,53,f,Aqr,HD 212697
3450,212754,8548,110785,34,,Peg,HD 212754
3451,212943,8551,110882,35,,Peg,HD 212943
3452,212953,8552,110936,,nu.,Gru,HD 212953
3453,213009,8556,110997,,del01,Gru,HD 213009
3454,213051,8558,110960,55,zet01,Aqr,HD 213051
3456,213080,8560,111043,,del02,Gru,HD 213080
3457,213087,8561,110817,26,,Cep,HD 213087
3458,213119,8562,110986,36,,Peg,HD 213119
3459,213235,8566,111062,37,,Peg,HD 213235
3460,213236,8567,111086,56,,Aqr,HD 213236
3461,213296,8570,111138,,zet,PsA,HD 213296
3462,213306,8571,110991,27,del,Cep,HD 213306
3463,213307,,110988,27,del,Cep,HD 213307
3464,213310,8572,111022,5,,Lac,HD 213310
3465,213320,8573,111123,57,sig,Aqr,HD 213320
3466,213323,8574,111068,38,,Peg,HD 213323
3467,213398,8576,111188,17,bet,PsA,HD 213398
3468,213403,8578,110787,28,,Cep,HD 213403
3469,213420,8579,111104,6,,Lac,HD 213420
3470,213442,8582,111310,,nu.,Tuc,HD 213442
3471,213464,8583,111200,58,,Aqr,HD 213464
3472,213558,8585,111169,7,alf,Lac,HD 213558
3473,213617,8586,111278,39,,Peg,HD 213617
3474,213789,8590,111394,60,,Aqr,HD 213789
3475,213798,8591,111056,29,rho,Cep,HD 213798
3476,213845,8592,111449,59,ups,Aqr,HD 213845
3477,213998,8597,111497,62,eta,Aqr,HD 213998
3478,214085,8600,111594,,sig01,Gru,HD 214085
3479,214150,8602,111643,,sig02,Gru,HD 214150
3480,214167,,111546,8,,Lac,HD 214167
3481,214168,8603,111544,8,,Lac,HD 214168
3482,214376,8610,111710,63,kap,Aqr,HD 214376
3483,214454,8613,111674,9,,Lac,HD 214454
3484,214470,8615,111532,31,,Cep,HD 214470
3485,214567,8618,111810,40,,Peg,HD 214567
3486,214680,8622,111841,10,,Lac,HD 214680
3487,214698,8624,111884,41,,Peg,HD 214698
3488,214734,8627,111797,30,,Cep,HD 214734
3489,214748,8628,111954,18,eps,PsA,HD 214748
3490,214846,8630,112405,,bet,Oct,HD 214846
3491,214868,8632,111944,11,,Lac,HD 214868
3492,214923,8634,112029,42,zet,Peg,HD 214923
3493,214952,8636,112122,,bet,Gru,HD 214952
3494,214966,8637,112102,19,,PsA,HD 214966
3495,214993,8640,112031,12,,Lac,HD 214993
3496,214994,8641,112051,43,omi,Peg,HD 214994
3497,215104,8644,112203,,rho,Gru,HD 215104
3498,215143,8647,112179,67,,Aqr,HD 215143
3499,215167,8649,112211,66,g,Aqr,HD 215167
3500,215182,8650,112158,44,eta,Peg,HD 215182
3501,215369,8655,112374,,eta,Gru,HD 215369
3502,215373,8656,112242,13,,Lac,HD 215373
3503,215510,8660,112358,45,,Peg,HD 215510
3504,215573,8663,112781,,ksi,Oct,HD 215573
3505,215648,8665,112447,46,ksi,Peg,HD 215648
3506,215665,8667,112440,47,lam,Peg,HD 215665
3507,215721,8670,112529,68,,Aqr,HD 215721
3508,215766,8673,112542,69,tau01,Aqr,HD 215766
3509,215789,8675,112623,,eps,Gru,HD 215789
3510,215874,8676,112615,70,,Aqr,HD 215874
3511,216032,8679,112716,71,tau02,Aqr,HD 216032
3512,216131,8684,112748,48,mu.,Peg,HD 216131
3513,216200,8690,112778,14,,Lac,HD 216200
3514,216210,8693,112862,21,,PsA,HD 216210
3515,216228,8694,112724,32,iot,Cep,HD 216228
3516,216336,8695,112948,22,gam,PsA,HD 216336
3517,216385,8697,112935,49,sig,Peg,HD 216385
3518,216386,8698,112961,73,lam,Aqr,HD 216386
3519,216397,8699,112917,15,,Lac,HD 216397
3520,216435,8700,113044,,tau01,Gru,HD 216435
3521,216437,8701,113137,,rho,Ind,HD 216437
3522,216494,8704,113031,74,,Aqr,HD 216494
3523,216627,8709,113136,76,del,Aqr,HD 216627
3524,216637,8710,113127,78,,Aqr,HD 216637
3525,216640,8711,113148,77,,Aqr,HD 216640
3526,216655,,113191,,tau02,Gru,HD 216655
3527,216656,,113190,,tau02,Gru,HD 216656
3528,216701,8715,113167,1,,Psc,HD 216701
3529,216735,8717,113186,50,rho,Peg,HD 216735
3530,216763,8720,113246,23,del,PsA,HD 216763
3531,216823,8722,113307,,tau03,Gru,HD 216823
3532,216916,8725,113281,16,,Lac,HD 216916
3533,216956,8728,113368,24,alf,PsA,HD 216956
3534,217014,8729,113357,51,,Peg,HD 217014
3535,217050,8731,113327,,EW,Lac,HD 217050
3536,217232,8739,113503,52,,Peg,HD 217232
3537,217264,8742,113521,2,,Psc,HD 217264
3538,217364,8747,113638,,zet,Gru,HD 217364
3539,217428,8750,113610,3,,Psc,HD 217428
3540,217531,8757,113674,81,,Aqr,HD 217531
3541,217675,8762,113726,1,omi,And,HD 217675
3542,217701,8763,113781,82,,Aqr,HD 217701
3543,217782,8766,113788,2,,And,HD 217782
3544,217792,8767,113860,,pi.,PsA,HD 217792
3545,217891,8773,113889,4,bet,Psc,HD 217891
3546,217902,8774,113957,,kap,Gru,HD 217902
3547,217906,8775,113881,53,bet,Peg,HD 217906
3548,218031,8780,113919,3,,And,HD 218031
3549,218045,8781,113963,54,alf,Peg,HD 218045
3550,218060,8782,113996,83,h,Aqr,HD 218060
3551,218227,8787,114131,,the,Gru,HD 218227
3552,218240,8789,114119,86,c01,Aqr,HD 218240
3553,218242,8790,114132,,ups,Gru,HD 218242
3554,218329,8795,114144,55,,Peg,HD 218329
3555,218356,8796,114155,56,,Peg,HD 218356
3556,218376,8797,114104,1,,Cas,HD 218376
3557,218452,8804,114200,4,,And,HD 218452
3558,218470,8805,114210,5,,And,HD 218470
3559,218527,8807,114273,5,A,Psc,HD 218527
3560,218594,8812,114341,88,c02,Aqr,HD 218594
3561,218634,8815,114347,57,,Peg,HD 218634
3562,218640,8817,114375,89,c03,Aqr,HD 218640
3563,218658,8819,114222,33,pi.,Cep,HD 218658
3564,218670,8820,114421,,iot,Gru,HD 218670
3565,218700,8821,114389,58,,Peg,HD 218700
3566,218753,8822,114365,2,,Cas,HD 218753
3567,218804,8825,114430,6,,And,HD 218804
3568,218918,8826,114520,59,,Peg,HD 218918
3569,218935,8827,114526,60,,Peg,HD 218935
3570,219080,8830,114570,7,,And,HD 219080
3571,219215,8834,114724,90,phi,Aqr,HD 219215
3572,219449,8841,114855,91,psi01,Aqr,HD 219449
3573,219477,8842,114844,61,,Peg,HD 219477
3574,219571,8848,114996,,gam,Tuc,HD 219571
3575,219576,8850,114939,92,chi,Aqr,HD 219576
3576,219615,8852,114971,6,gam,Psc,HD 219615
3577,219688,8858,115033,93,psi02,Aqr,HD 219688
3578,219693,8859,115054,,phi,Gru,HD 219693
3579,219734,8860,115022,8,,And,HD 219734
3580,219765,8862,115836,,tau,Oct,HD 219765
3581,219784,8863,115102,,gam,Scl,HD 219784
3582,219815,8864,115065,9,,And,HD 219815
3583,219832,8865,115115,95,psi03,Aqr,HD 219832
3584,219834,8866,115126,94,,Aqr,HD 219834
3585,219877,8868,115142,96,,Aqr,HD 219877
3586,219916,8872,115088,34,omi,Cep,HD 219916
3587,219945,8874,115152,11,,And,HD 219945
3588,219981,8876,115191,10,,And,HD 219981
3589,220009,8878,115227,7,b,Psc,HD 220009
3590,220061,8880,115250,62,tau,Peg,HD 220061
3591,220088,8882,115271,63,,Peg,HD 220088
3592,220117,8885,115280,12,,And,HD 220117
3593,220222,8887,115355,64,,Peg,HD 220222
3594,220278,8890,115404,97,,Aqr,HD 220278
3595,220318,8891,115407,65,,Peg,HD 220318
3596,220321,8892,115438,98,b01,Aqr,HD 220321
3597,220363,8893,115444,66,,Peg,HD 220363
3598,220599,8903,115591,67,,Peg,HD 220599
3599,220652,8904,115590,4,,Cas,HD 220652
3600,220657,8905,115623,68,ups,Peg,HD 220657
3601,220704,8906,115669,99,b02,Aqr,HD 220704
3602,220729,8907,115713,,omi,Gru,HD 220729
3603,220825,8911,115738,8,kap,Psc,HD 220825
3604,220858,8912,115768,9,,Psc,HD 220858
3605,220885,8913,115755,13,,And,HD 220885
3606,220933,8915,115806,69,,Peg,HD 220933
3607,220954,8916,115830,10,the,Psc,HD 220954
3608,221115,8923,115919,70,,Peg,HD 221115
3609,221253,8926,115990,,AR,Cas,HD 221253
3610,221345,8930,116076,14,,And,HD 221345
3611,221357,8932,116118,100,,Aqr,HD 221357
3612,221409,8934,116146,13,,Psc,HD 221409
3613,221507,8937,116231,,bet,Scl,HD 221507
3614,221565,8939,116247,101,b03,Aqr,HD 221565
3615,221615,8940,116264,71,,Peg,HD 221615
3616,221673,8943,116310,72,,Peg,HD 221673
3617,221675,8944,116323,14,,Psc,HD 221675
3618,221756,8947,116354,15,,And,HD 221756
3619,221758,8948,116355,73,,Peg,HD 221758
3620,221760,8949,116389,,iot,Phe,HD 221760
3621,221833,,116422,15,,Psc,HD 221833
3622,221950,8954,116495,16,,Psc,HD 221950
3623,222098,8960,116592,74,,Peg,HD 222098
3624,222107,8961,116584,16,lam,And,HD 222107
3625,222133,8963,116611,75,,Peg,HD 222133
3626,222173,8965,116631,17,iot,And,HD 222173
3627,222287,8966,116737,,the,Phe,HD 222287
3628,222304,8967,116709,18,,And,HD 222304
3629,222345,8968,116758,102,ome01,Aqr,HD 222345
3630,222368,8969,116771,17,iot,Psc,HD 222368
3631,222404,8974,116727,35,gam,Cep,HD 222404
3632,222433,8975,116820,,mu.,Scl,HD 222433
3633,222439,8976,116805,19,kap,And,HD 222439
3634,222547,8980,116889,103,A01,Aqr,HD 222547
3635,222561,,116904,104,A02,Aqr,HD 222561
3636,222574,8982,116901,104,A02,Aqr,HD 222574
3637,222603,8984,116928,18,lam,Psc,HD 222603
3638,222661,8988,116971,105,ome02,Aqr,HD 222661
3639,222683,,116972,76,,Peg,HD 222683
3640,222764,8991,117020,77,,Peg,HD 222764
3642,222842,8997,117073,78,,Peg,HD 222842
3643,222847,8998,117089,106,i01,Aqr,HD 222847
3644,223024,9002,117218,107,i02,Aqr,HD 223024
3645,223047,9003,117221,20,psi,And,HD 223047
3646,223075,9004,117245,19,TX,Psc,HD 223075
3647,223145,9006,117315,,sig,Phe,HD 223145
3648,223165,9008,117301,5,tau,Cas,HD 223165
3649,223252,9012,117375,20,,Psc,HD 223252
3650,223352,9016,117452,,del,Scl,HD 223352
3651,223385,9018,117447,6,,Cas,HD 223385
3652,223438,9022,117491,21,,Psc,HD 223438
3653,223461,9025,117500,79,,Peg,HD 223461
3654,223637,9030,117628,80,,Peg,HD 223637
3655,223640,9031,117629,108,i03,Aqr,HD 223640
3656,223647,9032,117689,,gam01,Oct,HD 223647
3657,223719,9033,117683,22,,Psc,HD 223719
3658,223768,9036,117718,81,phi,Peg,HD 223768
3659,223781,9039,117730,82,,Peg,HD 223781
3660,223807,9040,117756,,h,Aqr,HD 223807
3661,223825,9041,117761,24,,Psc,HD 223825
3662,223855,9042,117774,25,,Psc,HD 223855
3663,224014,9045,117863,7,rho,Cas,HD 224014
3664,224103,9048,117927,26,,Psc,HD 224103
3665,224151,9052,117957,,V373,Cas,HD 224151
3666,224309,9056,118027,,V,Cep,HD 224309
3667,224362,9061,118114,,gam02,Oct,HD 224362
3668,224392,9062,118121,,eta,Tuc,HD 224392
3669,224427,9064,118131,84,psi,Peg,HD 224427
3670,224481,9065,118178,1,,Cet,HD 224481
3672,224533,9067,118209,27,,Psc,HD 224533
3673,224554,9069,118234,,pi.,Phe,HD 224554
3674,224572,9071,118243,8,sig,Cas,HD 224572
3675,224617,9072,118268,28,ome,Psc,HD 224617
3676,224686,9076,118322,,eps,Tuc,HD 224686
3677,224801,9080,63,,CG,And,HD 224801
3678,224834,9081,88,,tau,Phe,HD 224834
3679,224889,9084,122,,the,Oct,HD 224889
3680,224926,9087,145,29,,Psc,HD 224926
3681,224930,9088,171,85,,Peg,HD 224930
3682,224935,9089,154,30,,Psc,HD 224935
3683,224990,9091,183,,zet,Scl,HD 224990
3684,224995,9092,186,31,,Psc,HD 224995
3685,225003,9093,194,32,c,Psc,HD 225003
3686,225132,9098,301,2,,Cet,HD 225132
3687,225180,9100,330,9,,Cas,HD 225180
3688,225212,9103,355,3,,Cet,HD 225212
3689,257498,,30756,15,,Gem,HD 257498
