source_id,ra,dec,ra_error,dec_error,parallax,parallax_error,pmra,pmra_error,pmdec,pmdec_error,phot_g_mean_mag,phot_bp_mean_mag,phot_rp_mean_mag,phot_bp_rp_excess_factor,ruwe,ipd_frac_multi_peak,adoptedrv,adoptedrv_error,adoptedrv_refname,radial_velocity_is_valid,gcns_prob,wd_prob,dist_1,dist_16,dist_50,dist_84,xcoord_16,xcoord_50,xcoord_84,ycoord_16,ycoord_50,ycoord_84,zcoord_16,zcoord_50,zcoord_84
630505494719360,46.613135424105224,1.961063920576691,0.021934386,0.01985119,67.9335,0.027434504,389.25305,0.023812708,-925.02625,0.022991313,8.457596,9.291474,7.5637836,1.2952669,1.1065348,0,-31.68627,0.32540607,2018A&A...616A...1G,1,1.0,0.011342593,0.014705826,0.01471402,0.014720151,0.014726251,-10.132268,-10.13649,-10.140691,0.6134957,0.6137513,0.6140056,-10.651909,-10.656347,-10.660763
3179036008830848,48.353258238212746,4.775200170986658,0.037388004,0.03616781,116.267815,0.042744365,1741.8746,0.04745122,86.494385,0.0436992,12.101368,14.121774,10.778052,1.5368904,1.450144,0,26.0,4.0,2014AJ....147...20N,0,1.0,0.05,0.008593605,0.00859754,0.008600809,0.008604059,-6.2507005,-6.253077,-6.2554398,0.499943,0.5001331,0.50032204,-5.8818784,-5.8841147,-5.886338
14912165107085184,47.251989727646745,10.021186116181132,0.02648536,0.021270767,79.45325,0.02760114,286.34308,0.039579593,-586.2968,0.02931335,13.1844845,15.196664,11.867657,1.5292645,1.3847069,0,-31.616,4.472,2015ApJS..220...16T,0,1.0,0.118290596,0.012576267,0.012581516,0.0125857415,0.012589941,-9.467498,-9.470678,-9.473838,1.7435625,1.744148,1.74473,-8.100679,-8.1034,-8.106104
18565464288396416,39.07167733324421,6.8780898981735605,0.035586603,0.032272045,138.43709,0.041985847,1801.6715,0.043110535,1450.4869,0.037766326,10.333128,11.952149,9.096833,1.4776589,1.8051597,0,26.268,0.0017,2018A&A...616A...7S,0,1.0,0.19335017,0.0072183334,0.007221371,0.007223414,0.0072258245,-4.6707664,-4.6720877,-4.673647,1.386119,1.3865111,1.3869739,-5.3301797,-5.3316875,-5.333467
19316224572460416,39.02838450657828,6.8933391075785275,0.3217272,0.21676202,138.34,0.31773403,1778.5854,0.4300584,1477.3062,0.24807107,5.4983196,6.019165,4.820522,1.2347153,7.2789974,0,25.23315,0.12557457,2018A&A...616A...1G,1,0.96,0.11789021,0.0071897847,0.0072127236,0.007230399,0.0072457925,-4.662476,-4.6739016,-4.6838527,1.3894123,1.3928173,1.3957825,-5.324869,-5.3379188,-5.3492827
25488745411919360,41.57318460023838,11.774298748593672,0.02540009,0.022414424,61.891018,0.027970409,263.88306,0.032985013,-211.57578,0.02844797,8.109455,8.82413,7.2926583,1.2686538,1.0998586,0,10.848888,0.1400045,2018A&A...616A...1G,1,1.0,0.075392246,0.016140485,0.016149757,0.016157169,0.016164785,-11.40683,-11.412064,-11.417444,3.6390128,3.6406827,3.642399,-10.837735,-10.842709,-10.84782
27360698317776640,44.38732619280261,10.788296530863727,0.028530376,0.023191446,61.060577,0.03349013,1754.3859,0.03254545,-419.31433,0.0281424,11.885279,13.288116,10.719361,1.4311295,1.4168742,0,49.0,5.0,1953GCRV..C......0W,0,1.0,0.13170996,0.016357295,0.016368516,0.016377263,0.016385734,-11.93694,-11.943319,-11.949497,2.9630742,2.9646575,2.966191,-10.800831,-10.8066025,-10.812193
31235033696866688,48.51322023809659,16.051276290714064,0.16874677,0.13259384,72.63052,0.19024242,-242.95473,0.18599853,-54.85265,0.15765223,17.242668,20.511425,15.669854,1.8277218,1.1036614,0,,,,0,1.0,0.09276224,0.0136877,0.013729445,0.013763859,0.01380171,-10.949305,-10.976749,-11.006936,2.7577598,2.7646725,2.7722752,-7.810579,-7.830157,-7.85169
33732162042339072,41.64079022240677,16.416972047012635,0.051598016,0.04547346,71.60476,0.057644315,-831.5332,0.060153704,-569.02466,0.0553611,14.552517,17.205729,13.133217,1.6186969,1.332122,0,,,,0,1.0,0.16908309,0.013939003,0.013953151,0.013964859,0.013976638,-10.224639,-10.233218,-10.24185,3.9320211,3.9353204,3.9386396,-8.642129,-8.64938,-8.656675
35227046884571776,43.26964247679057,16.86437381897744,0.07458868,0.076965086,260.98843,0.09342672,3429.0828,0.087942876,-3805.541,0.08326042,12.263103,15.31863,10.790128,1.6780396,1.3042897,0,63.0,5.0,2014AJ....147...20N,0,1.0,0.15240741,0.0038285817,0.0038303498,0.0038317323,0.0038330988,-2.8786533,-2.8796923,-2.8807192,1.0312182,1.0315903,1.0319582,-2.3068428,-2.3076754,-2.3084984
43574131143039104,58.17597943609416,17.014956629753385,0.08215132,0.052013546,103.50079,0.08819867,433.18298,0.106628865,-645.3686,0.06898687,12.176142,14.07321,10.8709,1.5269502,3.7299998,4,28.0,5.0,2014AJ....147...20N,0,1.0,0.14263588,0.0096424995,0.0096527515,0.009661036,0.009669209,-8.48381,-8.491091,-8.498275,1.0262115,1.0270921,1.027961,-4.4885926,-4.4924445,-4.496245
56252256123908096,50.25045284304823,18.905182682497294,0.07090353,0.060338285,68.26935,0.07783384,352.2904,0.09223549,-257.06985,0.07884346,16.104847,19.216772,14.577244,1.7601848,0.98748165,1,46.4,1.3,2012AJ....144...99D,0,1.0,0.08718073,0.014609643,0.014630763,0.014647229,0.014664215,-12.074392,-12.087981,-12.102,3.1803474,3.1839268,3.1876192,-7.6258545,-7.634437,-7.643291
65829792677145344,58.691130905257694,24.27252217695994,0.055056576,0.031817645,74.988655,0.05667107,-293.3381,0.07317235,-221.4638,0.04234693,14.368261,16.938606,12.950821,1.6210293,1.4243345,0,,,,0,1.0,0.05631313,0.013311778,0.013324101,0.013334387,0.0133457305,-12.060536,-12.069846,-12.080114,2.5939069,2.595909,2.5981176,-5.0345597,-5.038446,-5.0427322
74203982469858816,34.126686286501574,13.584959360471915,0.05629136,0.043547362,109.94999,0.07035666,504.2156,0.06316317,-433.14288,0.051045492,13.555757,16.08575,12.14931,1.6079572,1.5646341,2,34.038,5.545,2015ApJS..220...16T,0,1.0,0.043373015,0.00908242,0.009089936,0.009095636,0.00910092,-5.764036,-5.7676506,-5.7710013,3.003842,3.0057259,3.007472,-6.3545065,-6.3584914,-6.3621855
76868614540049408,30.058987047653364,13.044071201123836,0.054485697,0.04954637,223.73209,0.069856286,1096.4585,0.06671383,-1771.5261,0.056617845,10.681062,12.571853,9.383672,1.5175912,1.8699315,4,-28.308,0.192,2015ApJ...802L..10T,0,1.0,0.23498316,0.0044664857,0.004468212,0.0044695768,0.0044709775,-2.5990686,-2.5998626,-2.6006775,1.6449901,1.6454926,1.6460083,-3.2409515,-3.2419417,-3.2429576
96331172942614528,25.62258568627586,20.26551918225611,0.12091877,0.090553164,130.82336,0.15318972,-300.7369,0.13664803,-673.5389,0.10562495,4.99968,5.439818,4.4173326,1.2032187,1.2618266,0,-33.57844,0.16884214,2018A&A...616A...1G,1,1.0,0.13834596,0.007621476,0.0076342956,0.0076433946,0.007652657,-4.3388133,-4.3439846,-4.3492484,3.7882838,3.792799,3.797395,-5.0105963,-5.016568,-5.0226474
102162639019033600,38.40513666109431,24.92413187711575,0.035599384,0.033846233,100.146545,0.042935688,48.391697,0.043675553,-675.78973,0.045849912,11.529306,13.241863,10.273463,1.488063,1.423382,0,-6.437,0.0034,2018A&A...616A...7S,0,1.0,0.11708032,0.0099755,0.009981257,0.009985352,0.009989622,-7.3357787,-7.338789,-7.341927,4.1455436,4.1472445,4.1490183,-5.3503547,-5.35255,-5.3548393
114207651462714880,41.068881780380345,25.52175109435131,0.022260899,0.020953588,130.19563,0.028051848,864.52515,0.028395249,-363.19556,0.025922759,9.467294,10.816531,8.316322,1.4243693,1.080172,0,30.576,0.0014,2018A&A...616A...7S,0,1.0,0.086458035,0.007676872,0.0076791756,0.0076808203,0.0076824934,-5.863996,-5.865252,-5.8665295,3.027804,3.0284524,3.029112,-3.9262824,-3.9271233,-3.9279788
145421309108301184,67.25019487312947,21.92347532672426,0.020969402,0.012093899,89.05461,0.023446703,-67.017494,0.02845738,174.62675,0.020580705,7.7041116,8.543143,6.8045,1.2988085,1.0770729,0,-35.678555,0.124786384,2018A&A...616A...1G,1,1.0,0.13721977,0.011222541,0.011225898,0.011228799,0.011231781,-10.637327,-10.640077,-10.642902,0.8486806,0.84889996,0.84912544,-3.4853673,-3.486268,-3.4871938
167202325215063168,60.40425876511105,28.830850805459676,0.16678955,0.11012087,80.380356,0.21024427,-468.2573,0.2588888,-102.60846,0.15646195,18.55802,21.436647,16.870361,2.043106,1.0696359,0,,,,0,1.0,0.011111111,0.012368252,0.01241119,0.012442388,0.012474789,-11.448098,-11.476875,-11.5067625,2.9184394,2.9257753,2.9333947,-3.802814,-3.8123732,-3.8223011
179700710496485504,67.60697228135813,39.847325823269244,0.024348814,0.017598871,91.8429,0.026944173,274.7362,0.032318566,-565.43494,0.025207918,12.306654,14.181438,11.010486,1.517915,1.150645,0,10.579,5.322,2015ApJS..220...16T,0,1.0,0.09623016,0.010880921,0.0108849965,0.01088813,0.010891303,-10.298106,-10.301071,-10.304073,3.3457851,3.3467486,3.347724,-1.1126038,-1.1129241,-1.1132485
229155579195699456,64.97040176423637,42.552042686039414,0.06462777,0.04347871,97.449,0.09534248,528.6646,0.08253221,-1441.6138,0.057803046,15.555148,18.890953,14.02791,1.7519147,1.1161795,0,18.0,5.0,2014AJ....147...20N,0,1.0,0.16772728,0.010237992,0.010251497,0.010261553,0.010271321,-9.506269,-9.515595,-9.524653,3.7134814,3.7171242,3.7206626,-0.96647656,-0.9674247,-0.9683456
272855565763652480,69.42278387138005,52.89150297231415,0.021023922,0.015610888,100.91606,0.026600812,304.12546,0.02965237,-475.14603,0.023979941,7.9525313,8.829921,7.031435,1.3064507,1.1722351,1,33.747578,0.15221652,2018A&A...616A...1G,1,1.0,0.11173942,0.009903366,0.009906855,0.00990931,0.0099117765,-8.825411,-8.827599,-8.829796,4.4505134,4.451616,4.452724,0.67143816,0.6716045,0.6717717
385334196532776576,4.625300681217554,44.02874451664357,0.020594174,0.013754434,280.69473,0.027839076,2862.7964,0.022829484,336.43192,0.01896944,9.686646,11.291516,8.455489,1.4735965,1.1803766,1,10.997,0.0011,2018A&A...616A...7S,0,1.0,0.1598037,0.003561858,0.0035623526,0.003562792,0.0035998898,-1.5184243,-1.5186116,-1.5344242,3.0190215,3.0193937,3.0508335,-1.1270553,-1.1271942,-1.1389313
385334230892516480,4.613226257557736,44.02478674398518,0.0144063365,0.010100742,280.70682,0.020284552,2891.518,0.015489398,411.83203,0.01302328,7.218567,8.332124,6.16774,1.3680509,1.0384927,0,11.51107,0.13593048,2018A&A...616A...1G,1,1.0,0.31023902,0.0035226976,0.0035226976,0.003562336,0.003562661,-1.5009958,-1.5178854,-1.5180238,2.985619,3.0192142,3.0194895,-1.1146698,-1.1272124,-1.1273153
425040000962497792,12.281184764215306,57.815739188554126,0.012635521,0.0142245535,168.71857,0.021581342,1144.6934,0.018388271,-469.66763,0.019459886,6.762044,7.6099744,5.8559637,1.3018358,1.0389044,0,10.446348,0.14181934,2018A&A...616A...1G,1,1.0,0.25190958,0.0058467765,0.0058467765,0.005890842,0.00592758,-3.1397657,-3.163429,-3.1831577,4.905233,4.9422016,4.973024,-0.51513267,-0.519015,-0.52225184
425040000962559616,12.285227381524425,57.81272812559009,0.09514021,0.11174436,168.83215,0.1663396,1078.6091,0.1266705,-551.1334,0.1531009,3.3200667,3.7355075,2.8486214,1.1444602,3.1213033,0,8.404,0.0004,2018A&A...616A...7S,0,1.0,0.15302248,0.0059105637,0.0059172045,0.005923068,0.0059291194,-3.177756,-3.180905,-3.1841547,4.9641776,4.9690967,4.974173,-0.5216495,-0.5221664,-0.52269983
470826482637310080,67.80919062832808,58.967979971547436,0.03827634,0.031975236,181.24384,0.049853016,1300.3647,0.05556656,-2046.1055,0.047106765,9.702565,11.347691,8.451808,1.4914057,1.2182512,2,27.9,0.4,2006AstL...32..759G,0,1.0,0.13131313,0.0055136727,0.005515837,0.0055174944,0.005519119,-4.645402,-4.646798,-4.648166,2.8900125,2.890881,2.891732,0.7018028,0.7020137,0.7022203
470826482637310848,67.81389197465391,58.969481205135885,0.01467103,0.013220632,181.27301,0.02025858,1334.7797,0.021359613,-1947.6382,0.018827802,12.33619,12.493927,12.051627,1.1742185,0.92638206,0,2.0,9.8,2002AJ....124.1118S,0,1.0,0.6183526,0.005515133,0.0055158962,0.0055164946,0.0055171303,-4.64545,-4.645954,-4.6464896,2.889981,2.8902948,2.8906276,0.70207757,0.70215374,0.7022346
625453654702751872,154.89881370110675,19.869809905451323,0.023957733,0.024269015,201.40642,0.0296157,-498.62036,0.027898356,-43.42767,0.026116055,8.204091,9.597194,7.032551,1.4393203,1.1544943,0,12.44,0.0006,2018A&A...616A...7S,0,1.0,0.10194625,0.004854045,0.004854045,0.004964799,0.004965716,-2.2628706,-2.3145022,-2.3149297,-1.6716918,-1.7098346,-1.7101504,3.9555805,4.0458345,4.0465817
660597997696173440,134.55918967906837,19.762959843487355,0.1029902,0.0616346,194.1443,0.12283384,-767.0605,0.122229315,-100.176476,0.08311987,11.96628,14.323954,10.547036,1.6383189,2.5737846,7,14.0,5.0,2014AJ....147...20N,0,1.0,0.12344697,0.005142765,0.0051475745,0.005151108,0.005154321,-3.6704972,-3.6730168,-3.675308,-1.9147784,-1.9160928,-1.9172878,3.0591826,3.0612826,3.0631921
660597997697274752,134.5586915113887,19.76257888198771,0.15875146,0.09559129,196.26193,0.19761291,-937.1328,0.1901644,-34.559036,0.13755071,12.48557,15.062966,11.024552,1.6841909,3.5390558,10,13.0,5.0,2014AJ....147...20N,0,1.0,0.14181998,0.0050827735,0.005089437,0.0050949613,0.0051000477,-3.6290605,-3.6329997,-3.6366265,-1.8931823,-1.8952372,-1.8971292,3.024591,3.027874,3.0308967
685103912857072640,135.09564332221345,21.8320625969277,0.04708586,0.03299388,157.26857,0.053540938,-514.94226,0.05746422,-592.2534,0.045126263,13.413064,16.35116,11.9515915,1.6657794,1.2278774,3,,,,0,1.0,0.14948413,0.0063533564,0.0063562025,0.006358382,0.0063606487,-4.552383,-4.5539436,-4.5555673,-2.1520295,-2.1527674,-2.1535347,3.8789034,3.8802333,3.8816164
703790044252850688,127.45009240230564,26.77328596508202,0.055188563,0.039710525,279.24963,0.06372576,-1113.6936,0.06408457,-612.1911,0.047464374,12.167455,15.10305,10.705456,1.666676,1.1545533,1,53.84,5.529,2015ApJS..220...16T,0,1.0,0.15752104,0.0035791497,0.003580417,0.003581345,0.003661315,-2.8902166,-2.890966,-2.9555197,-0.8845107,-0.88474,-0.90449584,1.9192902,1.9197878,1.9626557
762815470562110464,165.83095967577933,35.948653032660104,0.024125582,0.029372523,392.75296,0.03206665,-580.05707,0.025565954,-4776.589,0.030034095,6.551172,7.6911216,5.475513,1.3874384,0.9638494,0,-84.69,0.1,2002ApJS..141..503N,0,1.0,0.20463745,0.0025017953,0.0025017953,0.0025460627,0.0025462823,-1.0358691,-1.0541981,-1.054289,-0.0937157,-0.09537393,-0.09538215,2.2753398,2.3156004,2.3158002
778947608243864320,166.35208967877313,43.52590762036144,0.03400774,0.037251346,203.83234,0.050037432,-4339.8496,0.044766206,960.6961,0.04143234,12.257253,14.709731,10.854758,1.6075923,1.0334092,0,70.02,0.37,2010MNRAS.407.2269M,0,1.0,0.19711821,0.004903378,0.004904904,0.0049061114,0.004907278,-2.1776466,-2.1781828,-2.1787007,0.4423564,0.44246534,0.4425705,4.3726716,4.3737483,4.374788
778947814402602752,166.34205974427476,43.53094856108456,0.024705522,0.024373034,203.88759,0.033240344,-4406.469,0.03108808,938.5266,0.02773793,7.912665,8.982041,6.8778634,1.362617,0.9393333,0,68.753,0.022,2013A&A...552A..64S,0,1.0,0.17949916,0.0048302817,0.0048302817,0.0049043954,0.0049053966,-2.1451492,-2.1780634,-2.1785078,0.43583444,0.4425217,0.442612,4.305811,4.371877,4.3727694
823773494718931968,152.8329289582321,49.451988897100506,0.012060928,0.012903464,205.31479,0.02237224,-1363.2872,0.016043497,-505.77036,0.020239066,5.9611735,6.788394,5.066091,1.2984587,0.94332755,0,-26.49039,0.12559332,2018A&A...616A...1G,1,1.0,0.21182863,0.0047576036,0.0047576036,0.0048703584,0.004870978,-2.8315501,-2.8986578,-2.8990266,0.7126514,0.7295412,0.72963405,3.7562273,3.8452497,3.845739
939072613334579328,103.70012922713916,33.266408018167255,0.025290458,0.022771733,179.06294,0.027963677,-726.67206,0.030037006,-398.1024,0.024498533,8.863551,10.256712,7.6955404,1.4352903,1.1459758,3,22.927,0.0012,2018A&A...616A...7S,0,1.0,0.11691919,0.0054927724,0.0054927724,0.005584189,0.005585325,-5.295364,-5.3834953,-5.38459,-0.27165484,-0.27617604,-0.2762322,1.4338322,1.4576956,1.4579921
946632924007399936,107.50514340448903,38.52526941964586,0.05739469,0.056210436,165.2147,0.06364261,-439.42044,0.065588385,-944.7935,0.058826566,9.934659,11.747847,8.641891,1.5211012,1.1360852,3,37.9,0.5,2004MNRAS.349.1069K,0,1.0,0.22053386,0.006047305,0.0060504307,0.0060528987,0.0060551697,-5.688147,-5.6904674,-5.6926026,0.103478834,0.10352104,0.10355989,2.0596087,2.060449,2.0612218
970354749937140736,90.62210758518228,49.86182103675996,0.03031321,0.026002754,104.95896,0.034662623,67.381996,0.03504719,-849.9877,0.027062858,12.681532,14.749702,11.34499,1.5494905,1.278541,0,20.69,3.076,2015ApJS..220...16T,0,1.0,0.12309884,0.009520656,0.009524269,0.009527498,0.009530668,-8.881546,-8.884557,-8.887513,2.675068,2.6759746,2.676865,2.1619122,2.162645,2.163365
981548637301374336,105.98716288465668,52.69772729783498,0.49830154,0.4809892,110.82634,0.6945045,675.77496,0.5864104,-921.87976,0.4601091,11.699139,13.597982,10.3876915,1.534772,18.897764,12,55.858,5.04,2015ApJS..220...16T,0,0.974,0.15212964,0.008902528,0.008972681,0.009027427,0.0090795625,-7.9368296,-7.9852557,-8.031372,2.2661836,2.2800107,2.2931783,3.5185442,3.5400124,3.560457
999747822484300800,90.29510135819429,59.59306278611283,0.02181087,0.020889873,129.3014,0.028304283,-104.94209,0.022754014,-928.6279,0.025025109,10.417205,11.98765,9.196526,1.4663596,1.1339737,3,2.002,0.002,2018A&A...616A...7S,0,1.0,0.105482206,0.0075610937,0.0075610937,0.0077328742,0.0077349553,-6.4966097,-6.644206,-6.645994,3.1590724,3.2308433,3.2317128,2.2325904,2.2833126,2.2839272
1022456104850892928,138.5913117966687,52.68342944184038,0.01562361,0.0145306615,157.88249,0.021135049,-1573.0403,0.017991045,-659.906,0.018531306,7.054455,7.9594064,6.1129565,1.3169986,1.118406,0,11.979391,0.17736647,2018A&A...616A...1G,1,1.0,0.24166787,0.006332081,0.006333257,0.0063343006,0.0064245984,-4.4970145,-4.4977555,-4.5618725,1.2099947,1.2101941,1.2274458,4.2921925,4.2929,4.3540964
1022456139210632064,138.5835616152243,52.68408016691263,0.015589127,0.013035298,157.88792,0.019652834,-1545.7875,0.017731367,-569.0528,0.017665254,6.976026,7.8634076,6.046104,1.3115141,1.0839477,0,10.771675,0.14131181,2018A&A...616A...1G,1,1.0,0.23156686,0.006332056,0.0063330685,0.0063340687,0.0063970545,-4.49723,-4.4979405,-4.542668,1.2100258,1.2102169,1.2222513,4.29168,4.2923574,4.335041
1129149723913123456,176.9394079814786,78.69329745305299,0.017805047,0.017579058,190.32515,0.019362431,748.4183,0.023584152,480.8043,0.025972635,9.551337,11.049281,8.347287,1.4584558,1.284949,2,-111.707,0.0016,2018A&A...616A...7S,0,1.0,0.15997896,0.005252979,0.0052537182,0.005254357,0.005297108,-2.4841902,-2.4844923,-2.504707,3.315573,3.3159761,3.342956,3.2306855,3.2310784,3.2573676
1237090738916392704,222.8480514738455,19.100269640072455,0.087588266,0.11655944,148.0695,0.13173045,127.46787,0.12581071,-40.568645,0.12948832,4.4804826,4.8695474,3.9444358,1.196461,1.0991775,0,1.4877259,0.16614322,2018A&A...616A...1G,1,1.0,0.06537698,0.0067400704,0.006747363,0.0067534084,0.0067593507,2.9754658,2.9781315,2.9807518,1.2682806,1.269417,1.2705339,5.921569,5.926874,5.932089
1237090738916392832,222.8466426652314,19.101104107947574,0.023990432,0.041207254,148.17932,0.054625016,133.37604,0.041277938,-182.05919,0.045075502,6.4300914,7.133002,5.615121,1.2712431,1.5099552,0,2.2917895,0.18118858,2018A&A...616A...1G,1,1.0,0.13097426,0.006742542,0.006745892,0.0067484807,0.006751033,2.974657,2.9757986,2.976924,1.2679716,1.2684582,1.268938,5.920365,5.922637,5.9248767
1267906854386665088,225.8321422585927,25.424644489819656,0.4378627,0.53811324,155.77583,0.7557141,87.414375,0.61301595,557.78015,0.69490254,20.300144,21.805626,18.523335,2.343646,1.2737702,0,,,,0,0.994,0.1279377,0.0063526765,0.006389706,0.006420652,0.006450282,2.5089204,2.5210717,2.5327058,1.9037341,1.9129542,1.921782,5.559627,5.586553,5.612334
1355264565043431040,257.3834721191679,43.680105808986085,0.38272035,0.39826187,131.59961,0.42845705,332.03214,0.5136252,-274.501,0.49190295,10.453175,12.083977,9.2067175,1.4882569,23.181572,0,41.041,8.55,2015ApJS..220...16T,0,1.0,0.093257576,0.00754043,0.0075723534,0.0075982693,0.007623459,2.2031012,2.2106411,2.2179701,5.6926885,5.7121716,5.7311087,4.4810915,4.4964275,4.5113344
1428427236986209024,246.35588833281682,54.30333866560462,0.0148467645,0.016043719,154.35027,0.01610215,432.23022,0.019171849,-171.65193,0.022313258,9.139769,10.345348,8.049889,1.3874987,1.0494165,2,,,,0,1.0,0.19372566,0.0064771837,0.0064781164,0.0064787604,0.0064794254,0.56212777,0.5621836,0.5622413,4.721097,4.7215667,4.722051,4.4001412,4.400579,4.4010305
1637645127018395776,264.1040525731971,68.3334976375916,0.020032212,0.020667732,219.78978,0.021020047,-320.6747,0.023984322,-1269.8933,0.026745409,8.02864,9.385179,6.8670616,1.4348943,1.2150519,0,-28.759,0.0007,2018A&A...616A...7S,0,1.0,0.21418189,0.0045488593,0.0045494284,0.0045499546,0.0045966012,-0.5768678,-0.5769345,-0.5828493,3.8162038,3.8166451,3.8557737,2.4085498,2.4088283,2.4335237
1638979384378696704,267.01612290514834,70.88157381434476,0.011553451,0.012840864,160.99524,0.011894624,-1266.3872,0.015870238,1108.8007,0.016470628,13.778201,14.179064,13.176234,1.2341527,1.0637181,0,,,,0,1.0,0.65372354,0.0062103504,0.0062109875,0.006211507,0.0062843165,-1.0591662,-1.0592546,-1.071671,5.234938,5.235376,5.2967434,3.170167,3.170432,3.2075949
1695191332232990720,226.70263614661923,70.46161913358111,0.5716503,0.58406854,193.94124,0.6277344,-1194.1792,0.7220219,1042.1942,0.8361542,20.225025,21.771992,18.33195,2.5812652,1.3111067,0,,,,0,0.992,0.036507938,0.005119396,0.005139488,0.005156954,0.0051748333,-1.186139,-1.1901699,-1.1942964,3.5920804,3.6042876,3.616784,3.4791334,3.4909565,3.50306
1784473016438653056,322.40807988216517,17.64497780267456,0.020545298,0.025649829,147.49577,0.025748886,1007.0396,0.024796538,378.4,0.022814183,9.108492,10.57186,7.917384,1.4492425,1.1444451,0,-25.109,0.0474,2018A&A...616A...7S,0,1.0,0.11270775,0.006776934,0.006778675,0.006779847,0.006781117,2.166888,2.1672628,2.1676686,5.8169065,5.817912,5.8190017,-2.7237165,-2.7241876,-2.7246978
1872046574983497216,316.753662752556,38.75607277205679,0.018972972,0.023165297,286.00534,0.028940246,4105.9766,0.025807729,3155.9417,0.026797226,5.4506445,6.272253,4.5569124,1.2990199,0.9611461,1,-64.42505,0.13015395,2018A&A...616A...1G,1,1.0,0.18810846,0.0034957118,0.003496172,0.0034965603,0.003566777,0.46361634,0.4636678,0.47297904,3.4470484,3.447431,3.5166614,-0.35515538,-0.3551948,-0.36232772
1872046609345556480,316.7484792940004,38.76386244649797,0.03876041,0.048496146,285.99493,0.05989728,4164.2085,0.055289943,3249.6138,0.055022996,4.766713,5.4397926,3.977203,1.2611508,1.2043179,0,-65.93776,0.13571152,2018A&A...616A...1G,1,1.0,0.15846561,0.003494843,0.0034958362,0.0034965617,0.0034972911,0.4633925,0.46348864,0.46358535,3.4467928,3.447508,3.4482274,-0.35462242,-0.354696,-0.35477
1926461164913660160,355.4800152581559,44.170375700747755,0.03218242,0.021303166,316.4812,0.044448785,112.527466,0.036434025,-1591.6498,0.026793785,10.379277,12.546428,9.017014,1.5746436,1.0273284,8,-77.764,0.0026,2018A&A...616A...7S,0,1.0,0.17388168,0.0031587551,0.0031593873,0.0031599512,0.0032168997,-1.0331196,-1.0333039,-1.051926,2.8401167,2.8406239,2.8918173,-0.92093873,-0.9211031,-0.93770313
1934263333784036736,341.7028254522359,44.3319533233193,0.0140988575,0.01599562,197.9573,0.021990642,-706.2158,0.017996477,-458.91962,0.02047953,9.005235,10.522137,7.7919774,1.4661624,1.104833,0,0.287,0.0017,2018A&A...616A...7S,0,1.0,0.19705147,0.005050285,0.005051162,0.0050518415,0.0050981008,-0.9053419,-0.9054637,-0.91375494,4.8363066,4.836957,4.8812485,-1.1422489,-1.1424025,-1.1528634
2019802555283940608,292.17175325969595,23.935004798378436,0.4845848,0.8164148,146.40672,1.2000669,-246.99907,0.62131757,240.42972,1.1786246,20.663187,21.986591,18.5078,3.278892,1.2424808,5,,,,0,0.766,0.116709955,0.006708831,0.0067769806,0.0068301354,0.0068894364,3.551652,3.579509,3.6105871,5.760421,5.805602,5.856008,0.36164212,0.36447862,0.36764312
2079073928612821760,298.48192590176114,44.41290615922913,0.0394047,0.046139523,214.57451,0.04759333,349.363,0.056223083,-480.32233,0.054057945,11.908311,14.3320465,10.509522,1.6044056,1.6106331,0,5.43,0.1,2010MNRAS.407.2269M,0,1.0,0.08763588,0.0046579055,0.004659349,0.0046604048,0.0046613305,0.89041805,0.8906198,0.8907967,4.521256,4.5222807,4.523179,0.6891538,0.68930995,0.68944687
2091177593123254016,278.90744884954285,32.994787158699616,0.03599252,0.042313755,175.79297,0.046801604,-72.650406,0.047247637,-755.1456,0.052375123,14.850962,18.456402,13.305739,1.7732291,1.0964748,0,8.4,2.0,2012AJ....144...99D,0,1.0,0.08078283,0.005685321,0.005687095,0.0056885914,0.0056901127,2.5769894,2.5776672,2.5783567,4.774515,4.775771,4.7770486,1.7047529,1.7052014,1.7056575
2154880616774131712,280.68308624583415,59.635145454818776,0.030707553,0.026510803,283.83777,0.028684631,-1400.2635,0.03854041,1862.5251,0.033203878,8.524704,9.959693,7.334221,1.4535073,1.312914,0,1.102,0.0008,2018A&A...616A...7S,0,1.0,0.16824916,0.0035223304,0.0035227716,0.0035231402,0.0035235037,0.03969107,0.039695222,0.039699316,3.2120016,3.2123377,3.212669,1.4461644,1.4463156,1.4464648
2154880616774131840,280.6830708352289,59.638357907754816,0.021600218,0.021579882,283.84012,0.021992655,-1311.6791,0.02710057,1792.3246,0.026312303,7.854393,9.16699,6.7059326,1.4287467,1.0079373,0,,,,0,1.0,0.1660361,0.0034601737,0.0034601737,0.003502575,0.0035232052,0.03879646,0.039271872,0.039503187,3.1549103,3.1935709,3.2123811,1.4205061,1.4379132,1.4463824
2261614264931057664,293.09759805108064,69.65345106254792,0.07537425,0.070781715,173.49391,0.07480691,597.3842,0.115345165,-1738.2861,0.10216282,4.449041,4.859488,3.8651726,1.2176324,1.6816003,1,26.57642,0.1642887,2018A&A...616A...1G,1,1.0,0.20084596,0.0057578683,0.0057611223,0.005763671,0.005766253,-1.0472841,-1.0477475,-1.0482168,5.242855,5.2451744,5.247524,2.146206,2.1471553,2.148117
2306965202564744064,1.3832841523481234,-37.36774402806293,0.02584283,0.025008382,230.09703,0.036182754,5633.438,0.026583562,-2334.7212,0.030039242,7.6824937,8.802319,6.6162696,1.3823787,1.4012543,0,25.2944,0.15206613,2018A&A...616A...1G,1,1.0,0.2012037,0.0042398702,0.0042398702,0.004345742,0.004346548,0.9891433,1.0138427,1.0140308,-0.29389527,-0.30123398,-0.3012899,-4.112386,-4.2150745,-4.2158566
2322561156529549440,6.183609706573537,-27.13725776001971,0.100229315,0.08442554,129.31674,0.12558402,-92.73892,0.1108212,695.9562,0.11709115,13.158741,15.5533,11.586876,1.8703489,1.2902238,66,-35.1,3.0,2009ApJ...705.1416R,0,1.0,0.15103836,0.0077161435,0.007726167,0.007733195,0.0077406596,0.6830917,0.6837131,0.684373,0.41567752,0.41605565,0.41645727,-7.684676,-7.691667,-7.6990914
2349916559152267008,10.356219925370175,-22.35233354272889,0.014851349,0.010992236,109.92764,0.02020457,-463.20605,0.021710608,-381.7839,0.018341593,14.297183,14.665041,13.753858,1.2110966,0.98814744,0,,,,0,1.0,0.8565171,0.009093042,0.009095119,0.009096741,0.009098506,-0.10132411,-0.10134217,-0.10136184,0.8322314,0.83237976,0.8325412,-9.0563965,-9.058011,-9.059769
2358022227591374336,16.23022246917644,-18.122448954793846,0.02607309,0.022163598,102.282745,0.035804268,1292.1879,0.043798823,488.1039,0.049272902,12.697248,14.777573,11.35764,1.5523654,1.1534077,2,,,,0,1.0,0.18337663,0.009768961,0.009773545,0.00977689,0.009780353,-1.2861218,-1.286562,-1.2870176,0.9810108,0.98134655,0.9816941,-9.63876,-9.642058,-9.6454735
2358524597030794112,18.13325425370941,-16.996154872479234,0.024294445,0.022301022,269.0573,0.03366602,1205.0745,0.04133712,637.54663,0.051560108,10.436525,12.331689,9.13462,1.5228753,1.0011495,3,,,,0,1.0,0.12575758,0.0036120494,0.0036120494,0.0037165284,0.0037170604,-0.6083027,-0.62589794,-0.6259875,0.35512036,0.36539227,0.36544457,-3.542705,-3.645178,-3.6457
2396530698208685312,345.06283531994274,-22.524089212751498,0.021651022,0.019081388,121.47236,0.024886552,-902.0732,0.027099198,58.044865,0.02247785,7.259579,8.093845,6.3603644,1.2999299,1.0888942,1,15.908467,0.15667409,2018A&A...616A...1G,1,1.0,0.18683586,0.008228263,0.008230537,0.008232162,0.008233814,2.8340197,2.8345792,2.8351476,2.1461961,2.1466198,2.1470504,-7.423201,-7.4246674,-7.426156
2400808142038361088,339.6920274130413,-20.62148673061316,0.045136187,0.043698374,112.385925,0.055467818,449.2068,0.050408676,-79.04593,0.04623589,8.170376,9.348135,7.0827794,1.3912857,2.9361658,1,-8.7,0.69,2004MNRAS.349.1069K,0,1.0,0.119281135,0.008887442,0.00889325,0.008897754,0.008902026,3.6102464,3.6120753,3.6138093,2.8024123,2.8038318,2.805178,-7.629056,-7.6329207,-7.636585
2400808245117576704,339.69068815030255,-20.614689446269768,0.033141665,0.030755334,112.98666,0.038716473,424.58978,0.036385987,-66.982635,0.032019146,10.21215,11.725991,9.006582,1.4575875,1.9434482,1,-6.1,0.3,2014AJ....147...26D,0,1.0,0.12251462,0.008843598,0.008847579,0.008850557,0.008853516,3.5914865,3.592695,3.593896,2.7890306,2.7899692,2.7909017,-7.5896115,-7.5921655,-7.594703
2441630500517079808,1.6763504259443918,-7.5464753252597605,0.044498958,0.03153641,206.35004,0.04744553,-811.566,0.06421741,-1893.2509,0.03386662,11.773832,14.072416,10.397489,1.5826743,1.3369209,4,-33.7,3.8,2012AJ....144...99D,0,1.0,0.18384379,0.0047404263,0.0047404263,0.004845613,0.0048470264,-0.07662748,-0.07832779,-0.07835063,1.7948132,1.8346388,1.8351738,-4.3868456,-4.484187,-4.4854946
2452378776434477184,26.009055057160104,-15.933680200693857,0.11874772,0.08320959,273.80975,0.17013045,-1721.7278,0.18087587,854.96313,0.08807259,3.3003998,3.7995205,2.7482994,1.1578794,2.634341,0,,,,0,1.0,0.12170399,0.003646493,0.0036499447,0.0036522457,0.0036544818,-1.0325583,-1.0332093,-1.033842,0.1254597,0.1255388,0.12561567,-3.4985967,-3.5008023,-3.502946
2467182154313027712,26.14923959176464,-7.271517922568175,0.39123452,0.3092459,78.49784,0.49586594,382.25214,0.58427465,-196.60944,0.4059248,19.620758,21.668007,18.034945,1.9236246,1.0893714,0,,,,0,1.0,0.030119048,0.012552174,0.012658197,0.012740797,0.012822675,-4.6767025,-4.70722,-4.73747,1.910863,1.9233322,1.9356922,-11.606336,-11.682072,-11.757144
2467732906559754496,27.769525129441792,-6.119239184112927,0.037709635,0.029752845,94.711296,0.049404897,545.4238,0.047706023,-266.53076,0.035642188,12.701375,14.72656,11.379139,1.5349792,1.533364,2,21.202,6.538,2015ApJS..220...16T,0,1.0,0.08975589,0.010545466,0.010552962,0.010558522,0.01056397,-4.2352486,-4.23748,-4.2396665,1.5725186,1.5733471,1.5741588,-9.537026,-9.542051,-9.546974
2480523216087975040,24.500065421632854,-4.997298038960505,0.015386714,0.010971936,79.243195,0.018644404,580.9279,0.021412471,-350.27377,0.012707403,12.744349,12.92261,12.429728,1.17783,1.0536125,0,,,,0,1.0,0.6612544,0.01261255,0.012616563,0.012619388,0.01262206,-4.6483335,-4.649375,-4.650359,2.511646,2.5122087,2.5127406,-11.456975,-11.459541,-11.461967
2492866780297999232,33.554613532263986,-3.96280045849318,0.053353537,0.038173843,80.05476,0.06255117,509.63766,0.05066773,-155.81284,0.042817812,14.148209,16.665718,12.741315,1.6094067,1.3795217,0,-15.6,1.7,2012AJ....144...99D,0,1.0,0.0482906,0.012465768,0.012480739,0.012490837,0.012501104,-6.1630697,-6.1680565,-6.173126,1.4213021,1.4224521,1.4236213,-10.759429,-10.768134,-10.776985
2497858563088120448,44.01738337380463,-0.608877262589059,0.030295758,0.025425665,61.867958,0.032513738,256.7623,0.041969094,70.141426,0.035819896,13.766954,15.824993,12.436468,1.5424838,1.3825071,1,,,,0,1.0,0.0484127,0.016144278,0.01615466,0.016163744,0.016172193,-10.358619,-10.364444,-10.369861,0.6184998,0.6188476,0.6191711,-12.381015,-12.387977,-12.394452
2515037264041041536,33.07959930325112,3.567385154970191,0.023259627,0.018406818,95.16061,0.024669407,-1762.4058,0.031431362,-1852.8711,0.021429991,9.205841,10.280927,8.165198,1.3670862,1.3375835,0,-2.725026,0.3036323,2018A&A...616A...1G,1,1.0,0.1891877,0.010501938,0.010505509,0.010508474,0.010511238,-5.796925,-5.7985616,-5.800087,2.2836702,2.2843149,2.2849157,-8.4585,-8.460888,-8.463113
2525276565243086080,15.240444011358932,-4.447094086447559,0.03462473,0.019294646,80.78778,0.038493775,1249.138,0.047889203,438.73514,0.04374154,11.9678,13.556019,10.740207,1.4718647,1.5176783,1,,,,0,1.0,0.12011905,0.012364645,0.012372367,0.012378173,0.012384065,-3.0210824,-3.0225003,-3.0239387,3.7215655,3.723312,3.725084,-11.406073,-11.411425,-11.416857
2531195858721613056,17.464999678254976,-3.723958771440576,0.17506912,0.12053035,94.62252,0.20264025,372.16806,0.2645567,8.651953,0.1556521,16.375042,19.652822,14.801928,1.8279209,1.3334955,0,-7.0,2.0,2015ApJS..220...18B,0,1.0,0.12526223,0.010514227,0.010546491,0.010570174,0.010594304,-2.9782825,-2.9849706,-2.9917848,3.0436964,3.0505316,3.0574954,-9.648534,-9.6702,-9.692276
2552925644460225152,12.099107075154986,5.27553944692346,0.052565947,0.022932967,134.49484,0.057815686,755.8935,0.07685196,-1141.7194,0.060664717,5.467689,5.9383683,4.828774,1.2282978,1.0807776,0,-10.407027,0.15100408,2018A&A...616A...1G,1,1.0,0.2402263,0.0074278126,0.0074320124,0.0074351383,0.007438247,-2.0825655,-2.0834415,-2.0843127,3.3958783,3.397307,3.3987272,-6.2742124,-6.276851,-6.2794757
2552928187080872832,12.296740250462333,5.376556608426358,0.016580552,0.008281123,231.78,0.018272836,1231.3994,0.022946512,-2711.8826,0.019384578,12.299163,12.53123,11.933642,1.1750695,1.2103684,0,263.0,4.9,2006AstL...32..759G,0,1.0,0.5802249,0.004313615,0.0043141404,0.004314595,0.004401537,-1.2248628,-1.2249919,-1.2496763,1.9686357,1.9688431,2.0085168,-3.6381302,-3.6385136,-3.7118323
2560771312759450496,25.832196670357842,4.318255356429924,0.020585347,0.01742376,88.30597,0.023291193,-422.41333,0.031240918,-765.0324,0.022788767,9.907381,11.157849,8.797398,1.3992866,1.0700988,0,-26.661686,0.29155675,2018A&A...616A...1G,1,1.0,0.12865555,0.011317461,0.011321233,0.011324221,0.011327137,-5.266539,-5.267929,-5.2692857,3.4692695,3.4701853,3.4710789,-9.402023,-9.404505,-9.406927
2571094283835172736,30.56463581614585,10.335957901329609,0.05168709,0.044348277,108.25824,0.057761323,-673.63904,0.07145263,-280.58505,0.053099472,13.43526,15.908454,12.034747,1.6033663,1.6939517,0,17.0,5.0,2014AJ....147...20N,0,1.0,0.1269414,0.00922616,0.009232346,0.00923693,0.0092417495,-5.2646327,-5.2672467,-5.269995,3.047094,3.0486069,3.0501978,-6.9451475,-6.9485955,-6.9522214
2572901021957789568,24.24124978791965,9.563070454755835,0.3991859,0.27781236,163.44785,0.4628947,1238.2439,0.5540863,-16.155571,0.32792777,19.486692,21.107285,17.640982,2.4670904,1.1058807,0,,,,0,1.0,0.01,0.0060792174,0.0061005414,0.0061185407,0.0061359857,-2.9487243,-2.9574242,-2.9658563,2.368711,2.3756998,2.3824732,-4.786527,-4.800649,-4.814337
2595284016771502080,335.78059284429975,-17.610507570693272,0.037086185,0.035763104,138.228,0.048167944,308.7118,0.044676032,-718.3872,0.03953743,11.550707,13.5313,10.227819,1.5405424,1.1723644,8,308.261,116.412,2017AJ....153...75K,0,1.0,0.143367,0.007228461,0.007232087,0.0072346157,0.007237076,3.1835735,3.1846867,3.1857696,2.7296512,2.7306054,2.731534,-5.8921094,-5.8941693,-5.8961735
2603090003484152064,343.3241110018443,-14.266689393516607,0.033781108,0.025766464,214.038,0.035619885,957.7147,0.04122171,-673.60126,0.030698579,8.875059,10.453005,7.6437206,1.4779663,1.3398496,5,,,,0,1.0,0.114705384,0.0046702186,0.0046714665,0.004672449,0.0047651827,1.4537467,1.4540524,1.4829109,1.8609178,1.8613092,1.8982505,-4.0306582,-4.0315056,-4.111519
2611561706216413696,343.48356406407754,-6.784830206077555,0.029973496,0.028107641,117.13884,0.03412185,2485.7988,0.03816274,-681.2536,0.04036945,15.421229,16.081415,14.661167,1.2425063,0.9293217,0,,,,0,1.0,0.76055557,0.008531357,0.008534413,0.008537062,0.0085394895,2.1463087,2.146975,2.1475854,4.3331766,4.334522,4.3357544,-7.032293,-7.034476,-7.0364757
2627117287488522240,332.4231515660494,-4.64083481515791,0.02714529,0.028341614,113.444725,0.029997606,1132.5833,0.038505677,-22.157307,0.037164405,9.237196,10.61174,8.070007,1.4378322,1.353798,6,-32.092,33.875,2017AJ....153...75K,0,1.0,0.118019484,0.008809203,0.008812403,0.0088149095,0.008817247,3.4693244,3.470311,3.4712312,5.1231227,5.12458,5.1259384,-6.275018,-6.276803,-6.278467
2640434056928150400,353.7970694377148,-2.3927993943668993,0.039938845,0.030558001,139.3389,0.04413923,781.41864,0.053010795,-841.51605,0.03575098,12.623748,14.952096,11.245876,1.5824207,1.1472371,0,-10.384,3.145,2015ApJS..220...16T,0,1.0,0.12853536,0.007171281,0.0071744346,0.007176751,0.007178977,0.43036708,0.43050602,0.43063956,3.6419137,3.6430895,3.6442196,-6.166341,-6.1683316,-6.170245
2739689239311660672,357.3066038231343,2.3969179441959985,0.025372215,0.016018208,169.21632,0.028058065,992.7204,0.035269726,-968.80646,0.019325616,8.152917,9.216571,7.120805,1.3613464,1.1554246,0,-71.78523,0.16820572,2018A&A...616A...1G,1,1.0,0.15853776,0.0059072645,0.005908722,0.005909709,0.0059106746,-0.20086011,-0.20089366,-0.20092648,3.221771,3.2223089,3.2228355,-4.9490247,-4.949851,-4.9506598
2794735086363871360,9.07135464103575,18.35341013813914,0.10821333,0.07686763,114.473465,0.13814536,901.5821,0.16374524,124.353714,0.12230506,17.521132,20.44291,15.909052,1.9071672,0.9693718,0,19.02,0.15,2010ApJ...723..684B,0,1.0,0.031944446,0.0087118065,0.008725749,0.008735921,0.008746347,-2.9186442,-2.9220467,-2.925534,5.5125027,5.518929,5.5255156,-6.101846,-6.1089597,-6.1162505
2824770686019003904,352.97012375450475,19.93699282660293,0.027961435,0.020510225,159.66339,0.03412789,578.00867,0.035451487,-59.768604,0.02324439,9.043998,10.507311,7.8463645,1.4568522,1.3173962,1,-0.016792849,0.31310865,2018A&A...616A...1G,1,1.0,0.065109424,0.006150843,0.006150843,0.006262792,0.0062642978,-0.711588,-0.72453934,-0.72471356,4.7170453,4.802898,4.8040533,-3.8827817,-3.9534504,-3.9544013
2824770686019004032,352.9716753030632,19.937313746866927,0.04270617,0.030963205,159.90846,0.051349618,552.3494,0.055147033,20.274609,0.036104545,10.828941,12.704212,9.530133,1.5212379,1.5881655,6,3.34,0.15,2008MNRAS.390..567M,0,1.0,0.07066498,0.006249016,0.0062516974,0.0062536434,0.006255658,-0.72341144,-0.7236366,-0.72386974,4.794348,4.79584,4.7973847,-3.9464705,-3.9476988,-3.9489706
2828928008202069376,344.1402217312129,16.55216937227734,0.021951057,0.019194853,145.62341,0.025450103,-1034.7334,0.026007721,-284.13086,0.025290629,7.795021,8.898596,6.7477736,1.3668052,1.0549177,1,-27.993563,0.15685655,2018A&A...616A...1G,1,1.0,0.16560365,0.0068640965,0.006865629,0.0068668528,0.006868028,0.27714399,0.2771934,0.27724084,5.389093,5.3900537,5.3909764,-4.2447295,-4.2454863,-4.246213
2886233695250041216,91.21742524933883,-34.558412822381825,0.024799287,0.025077086,115.39816,0.029826276,25.786724,0.032550856,343.0177,0.034952305,11.112143,13.174277,9.773951,1.5522846,1.1759074,5,22.4,0.3,2011AJ....142..104R,0,1.0,0.0678872,0.008660276,0.008663449,0.008665561,0.0086678155,-3.8443322,-3.8452692,-3.8462698,-6.9188423,-6.920529,-6.9223294,-3.5222263,-3.5230849,-3.5240016
2940856402123426176,92.64357908167638,-21.86782311323394,0.008222482,0.013698905,173.57399,0.017049566,-135.6916,0.010703687,-719.17816,0.01708214,7.3134713,8.365829,6.291551,1.3540184,1.0134844,0,4.022352,0.16217239,2018A&A...616A...1G,1,1.0,0.21234067,0.0056676683,0.0056676683,0.005722742,0.0057615996,-3.554566,-3.5891063,-3.6134763,-4.0340123,-4.0732117,-4.1008687,-1.7928387,-1.8102602,-1.8225517
2947050466531873024,101.28662552099249,-16.720932526023173,0.16483414,0.22725502,374.4896,0.2313347,-461.5705,0.2779457,-914.5196,0.33150372,8.524133,8.120362,8.398789,1.5243522,2.4190555,18,,,,0,0.9,0.24701178,0.0026664897,0.0026687938,0.0026704345,0.0026720804,-1.790328,-1.7914286,-1.7925327,-1.9357119,-1.9369018,-1.9380956,-0.41256037,-0.412814,-0.4130684
2964000159821218432,86.11439122579156,-22.45002336420253,0.067644015,0.10315547,112.29603,0.14516802,-291.75677,0.08734715,-368.5208,0.13357414,3.476823,3.796859,3.0440361,1.1671617,3.2323093,0,-9.199,0.0004,2018A&A...616A...7S,0,1.0,0.08599262,0.008877867,0.008893553,0.008904119,0.008915676,-5.550088,-5.5566816,-5.563894,-5.9096093,-5.9166303,-5.9243097,-3.6562726,-3.6606164,-3.6653676
2964001014514075520,86.10910372271664,-22.42340450564174,0.010546745,0.015120024,112.466064,0.02246881,-304.90503,0.013089417,-352.60574,0.019403704,5.868166,6.3657584,5.208363,1.2315155,1.0054624,0,-9.732102,0.13582027,2018A&A...616A...1G,1,1.0,0.16940619,0.008888303,0.008890576,0.008998553,0.009110504,-5.551453,-5.6188765,-5.6887813,-5.905029,-5.9767466,-6.051103,-3.6543581,-3.698741,-3.744757
2974726131970829952,75.6178310374648,-21.257878326934936,0.02936214,0.027810395,119.573746,0.04195274,-166.87715,0.03486889,-269.183,0.034829374,7.7924075,8.551479,6.645775,1.5706681,1.8184237,47,-13.272,0.0022,2018A&A...616A...7S,0,1.0,0.08015572,0.00835622,0.008360246,0.008363196,0.008366285,-5.2316494,-5.2334948,-5.2354283,-4.66519,-4.666836,-4.66856,-4.5562663,-4.5578737,-4.5595574
2974726136265625088,75.61776596344842,-21.257639202011276,0.33842602,0.06433687,118.82497,0.07951455,-111.6557,0.20715636,-235.83337,0.12931252,9.636776,8.56764,6.6785455,8.360982,1.7590977,5,,,,0,1.0,0.12209596,0.008403181,0.008410349,0.008416062,0.008421761,-5.2630277,-5.266603,-5.2701693,-4.693123,-4.696311,-4.6994905,-4.583569,-4.586683,-4.5897884
2976507997939000064,77.14837445280509,-18.178273078582706,0.060848024,0.06968209,108.32541,0.0976161,503.5941,0.065193176,-1399.6318,0.08250191,9.05489,10.550499,7.8416934,1.4696435,4.355474,3,33.9,1.1,2002AJ....123.3356G,0,1.0,0.2000463,0.009213358,0.009224033,0.009231857,0.0092398105,-6.1774125,-6.1826525,-6.1879787,-4.9870906,-4.9913206,-4.9956207,-4.69588,-4.699863,-4.703912
2976850598890749824,75.83262223513711,-17.375510085672932,0.022599006,0.02303744,108.27325,0.039790057,-228.28716,0.025345061,-444.6851,0.02708879,10.561693,11.983716,9.384994,1.4399347,1.16032,0,15.467,0.002,2018A&A...616A...7S,0,1.0,0.11239418,0.009228096,0.0092325285,0.009235928,0.009239328,-6.246324,-6.248624,-6.2509246,-4.7942224,-4.795987,-4.797753,-4.820628,-4.822403,-4.8241787
2979590513145784192,73.46015657149674,-17.776283502998492,0.010234788,0.009427802,83.68967,0.015969025,408.57272,0.012086365,-644.45685,0.012502593,9.938216,11.13577,8.850999,1.3864571,1.1063225,0,-15.069535,0.22702011,2018A&A...616A...1G,1,1.0,0.21080507,0.011943411,0.011946424,0.011948733,0.011951072,-7.93817,-7.939704,-7.941259,-5.9752502,-5.9764047,-5.9775753,-6.633166,-6.6344476,-6.635747
2980492387558410112,71.90182063625531,-16.933703052251126,0.034469385,0.034630354,75.5289,0.053909987,130.26357,0.040416732,169.33844,0.040606573,5.318377,5.645485,4.8274775,1.198134,1.0712714,1,21.719494,0.13623385,2018A&A...616A...1G,1,1.0,0.073575035,0.01321852,0.013230175,0.013239321,0.013249614,-8.859076,-8.8652,-8.872092,-6.287257,-6.291604,-6.2964954,-7.55147,-7.55669,-7.5625653
2980822034888930176,73.10229515656287,-16.823693398813177,0.016243963,0.0147965895,63.131546,0.025060162,122.06518,0.019040361,-210.62148,0.018225364,10.446791,11.816204,9.286249,1.4312736,1.379805,1,27.9,0.3,2012ApJ...758...56S,0,1.0,0.11065952,0.01582452,0.015833626,0.015840111,0.015846355,-10.690704,-10.695084,-10.699299,-7.6972313,-7.7003846,-7.7034197,-8.784371,-8.78797,-8.791433
2985035874544160384,80.90975753594236,-14.049842851725447,0.09763866,0.10031234,78.5273,0.14688343,107.483864,0.13975361,161.46837,0.14130835,18.057432,21.267834,16.47946,1.8382267,0.9273574,1,12.48,0.41,2016ApJS..225...10F,0,1.0,0.022619048,0.012676446,0.0127112875,0.012735701,0.012759414,-9.248966,-9.266729,-9.283983,-6.758791,-6.771772,-6.7843804,-5.509283,-5.519864,-5.5301414
2997171394834174976,89.83256483907208,-14.081838232219802,0.49733657,0.5906104,95.27144,0.7178836,571.34045,0.61849225,-338.16702,0.68219376,20.15528,21.436401,18.348654,2.4454577,1.3032441,0,,,,0,0.998,0.055925924,0.0103284195,0.010419596,0.01049664,0.010580655,-7.6023536,-7.658567,-7.7198663,-6.374773,-6.4219093,-6.4733105,-3.1834664,-3.2070057,-3.2326746
3015684005638599168,84.00082080161667,-7.64749055072158,0.017530404,0.016369106,66.44259,0.024265094,110.24665,0.022796273,466.60794,0.01928185,11.476436,13.080373,10.248026,1.4704318,1.2798513,0,,,,0,1.0,0.059325397,0.015037423,0.015045141,0.01505052,0.015056065,-12.069572,-12.073888,-12.078336,-7.3222194,-7.3248377,-7.327536,-5.202575,-5.2044353,-5.2063527
3022956969731332096,88.79209555773647,-4.1789270915525885,0.01484643,0.0142682865,155.23735,0.01745606,535.24854,0.017166171,-2317.0112,0.01493966,14.236672,14.726641,13.592983,1.2233604,1.0328441,0,,,,0,1.0,0.7661888,0.006440044,0.0064410255,0.0064417343,0.0064424234,-5.3899617,-5.390555,-5.391132,-3.1406035,-3.1409492,-3.1412852,-1.6036614,-1.603838,-1.6040095
3023121827755777280,85.55220113669213,-5.461181586870268,0.01608456,0.014347152,77.083786,0.022624217,-157.22783,0.020880096,956.72577,0.01738157,13.475401,15.577138,12.139018,1.5459927,1.1164893,0,,,,0,1.0,0.2166402,0.012965202,0.012969866,0.012974763,0.013383748,-10.700699,-10.704739,-11.042169,-6.1532106,-6.155534,-6.349566,-3.9812667,-3.98277,-4.108313
3059182338820698624,108.29665561709618,-5.198202455814469,0.01809463,0.019302286,87.00701,0.025045197,-22.609665,0.021925455,-306.86627,0.022586832,10.169039,11.39381,9.067431,1.3957863,1.2095805,1,-8.313765,0.6183494,2018A&A...616A...1G,1,1.0,0.08164983,0.01148607,0.011490195,0.011493362,0.011496531,-8.788575,-8.7909975,-8.793422,-7.385468,-7.387503,-7.38954,0.49029335,0.49042845,0.4905637
3059246454092369024,109.32310142871492,-5.0193865914700995,0.02482393,0.024313552,89.82025,0.02877511,420.996,0.03018563,-390.2658,0.02805826,11.861726,13.532238,10.617965,1.4791665,1.216702,0,-6.402,1.714,2015ApJS..220...16T,0,1.0,0.08149832,0.011124584,0.011129429,0.011133084,0.011136838,-8.465633,-8.468413,-8.471269,-7.193934,-7.1962967,-7.1987233,0.6667478,0.6669668,0.6671917
3060641356390249728,112.19128658651584,-3.301647006516706,0.040780913,0.03627712,85.217674,0.051778194,439.4107,0.05275229,-788.3958,0.041306596,10.296098,11.681078,9.137914,1.4256893,1.088353,5,1.452,0.0012,2018A&A...616A...7S,0,1.0,0.09220959,0.011719484,0.011728028,0.011735097,0.011742052,-8.899697,-8.905062,-8.910339,-7.5121846,-7.5167127,-7.5211678,1.381704,1.3825368,1.3833562
3085716990368639744,117.97896837066911,-0.006769120798188667,0.038048603,0.02902752,107.848785,0.04206865,263.5429,0.04552859,-756.8634,0.03306462,11.653467,13.479244,10.363374,1.516122,1.3989514,1,93.821,5.743,2015ApJS..220...16T,0,1.0,0.10041366,0.009264294,0.009268766,0.0092724,0.009276023,-6.910308,-6.913017,-6.9157186,-5.790535,-5.7928047,-5.7950687,2.1511352,2.1519785,2.1528194
3089711447388931584,124.03158305457569,1.3028427269823109,0.019333843,0.016028672,111.869774,0.022784311,-376.19583,0.023568213,60.538113,0.019387966,9.133169,10.33759,8.039904,1.3913401,1.080424,3,61.455795,0.6730268,2018A&A...616A...1G,1,1.0,0.16241309,0.008782435,0.008782435,0.008864818,0.00893995,-6.1824255,-6.2404194,-6.2933087,-5.5155506,-5.567289,-5.6144733,2.9133277,2.940656,2.9655788
3098328182579892096,122.99468256110134,8.750401522062495,0.07959164,0.050793987,147.72185,0.094956644,1069.8118,0.09832055,-5094.22,0.06350003,11.397289,13.130089,10.137975,1.4895821,2.0968676,4,14.597,0.0028,2018A&A...616A...7S,0,1.0,0.20518519,0.0067591104,0.006764939,0.006769495,0.006773756,-5.1962447,-5.199744,-5.2030168,-3.5248559,-3.5272298,-3.52945,2.5177038,2.5193994,2.5209851
3100542495921276160,100.05875121900114,-5.875749795160788,0.014641335,0.015329214,84.7969,0.016994588,107.26515,0.017045883,-582.5984,0.017141106,9.310769,10.482492,8.232768,1.3825667,0.991245,0,47.447853,0.5467149,2018A&A...616A...1G,1,1.0,0.16097546,0.011786823,0.011790389,0.011792725,0.011795154,-9.3902,-9.39206,-9.393994,-7.0507417,-7.0521383,-7.0535913,-1.0604076,-1.0606177,-1.0608361
3101920046552857728,103.07260095888746,-5.19006973623282,0.018402696,0.019074433,114.2911,0.02192843,-576.33105,0.02290138,-13.043765,0.020435125,9.097528,10.325742,7.9958577,1.39511,1.1511182,0,-8.270993,0.3634224,2018A&A...616A...1G,1,1.0,0.15545367,0.008745548,0.008747867,0.008749663,0.008751387,-6.9211745,-6.922595,-6.923959,-5.3396916,-5.3407874,-5.3418393,-0.33199388,-0.332062,-0.33212742
3101923001490347392,103.07278431613713,-5.17372829320013,0.023346359,0.03405499,114.35472,0.04184089,-543.69037,0.028971028,-3.5153136,0.026677793,6.231057,6.795033,5.518121,1.2430818,1.2655232,0,-7.203856,0.14990102,2018A&A...616A...1G,1,1.0,0.1543623,0.00873722,0.008741818,0.008744999,0.00874813,-6.917772,-6.920289,-6.922767,-5.3342776,-5.3362184,-5.338129,-0.33060652,-0.3307268,-0.33084524
3104733181410232576,98.87393995438822,-4.0547741963145425,0.24364598,0.28157455,79.16386,0.30849776,-98.46508,0.28396666,71.793335,0.26072899,12.687793,14.826764,11.324763,1.5782765,8.991086,6,41.517,8.722,2015ApJS..220...16T,0,1.0,0.053006254,0.012518824,0.012582389,0.012630012,0.0126789035,-10.294483,-10.3334465,-10.373448,-7.137425,-7.1644397,-7.1921735,-1.1820675,-1.1865414,-1.1911347
3106548406384807680,100.90303359272531,-2.3879694818849884,1.0108799,0.8730428,71.30263,1.1797113,22.234875,1.2063345,-217.96579,1.0938655,20.635307,21.423615,18.898163,2.4356945,1.0412691,0,,,,0,0.944,0.1457672,0.0135047175,0.013821617,0.014055548,0.014285867,-11.422124,-11.615444,-11.8057785,-7.752857,-7.8840747,-8.013266,-0.6821878,-0.6937339,-0.7051016
3136952686035250688,116.1658359308822,3.5504844454883244,0.030245641,0.02334776,166.9769,0.034340866,-347.78162,0.04000208,-445.70178,0.02487343,9.692206,11.416927,8.419889,1.506855,1.3503697,5,26.495,0.0052,2018A&A...616A...7S,0,1.0,0.1004798,0.005985794,0.0059876824,0.005988868,0.005990107,-4.7196994,-4.720634,-4.7216105,-3.4111128,-3.4117882,-3.4124942,1.3932295,1.3935053,1.3937937
3139847906307949696,111.85462844259372,5.209382701706996,0.038775597,0.034069158,264.1269,0.04127979,571.23236,0.04458072,-3691.4866,0.03559047,8.576388,10.111705,7.3539467,1.4740787,1.2387705,0,18.22,0.1,2002ApJS..141..503N,0,1.0,0.18743686,0.003730733,0.003730733,0.003758571,0.003786284,-3.0998764,-3.1230073,-3.146034,-1.964254,-1.978911,-1.993502,0.671446,0.6764563,0.6814439
3171631420210205056,68.81802669744249,-16.114491965535613,0.14249736,0.13033684,94.305405,0.20985138,160.08322,0.17161411,315.13956,0.16831104,14.606592,17.92072,13.099297,1.7213205,5.617265,1,48.5,1.4,2012AJ....144...99D,0,1.0,0.046944443,0.010549131,0.01057851,0.01060232,0.010626637,-7.0578017,-7.0736876,-7.089912,-4.594112,-4.6044526,-4.6150136,-6.4020653,-6.416475,-6.431192
3184351876391975808,69.42341319622317,-11.03975218734874,0.01295564,0.009621845,89.18973,0.019916328,-226.92285,0.013824763,-195.98697,0.010792182,9.408144,10.578187,8.330691,1.3823758,1.1386429,0,-7.1275945,0.22724405,2018A&A...616A...1G,1,1.0,0.14375213,0.01120631,0.01120964,0.011212061,0.0112145385,-8.170286,-8.17205,-8.173857,-4.274666,-4.275589,-4.2765336,-6.374142,-6.375519,-6.3769274
3186021141200137472,69.44860243520402,-8.826516218606763,0.012068768,0.008185626,106.33899,0.015222114,238.38098,0.016594725,-1552.408,0.01598522,13.600672,13.80703,13.237787,1.1876738,0.9962089,0,,,,0,1.0,0.77757597,0.009401055,0.009402913,0.0094045205,0.009574152,-7.080005,-7.081216,-7.208941,-3.3361967,-3.3367672,-3.396953,-5.2113423,-5.2122335,-5.3062477
3187115498866675456,75.4868052125233,-6.948587409027854,0.01964642,0.01469277,186.04663,0.027749853,-551.74646,0.02649439,-533.6482,0.020725613,10.649305,12.41324,9.380491,1.4972247,1.1008298,3,39.417,2.554,2017AJ....153...75K,0,1.0,0.16096681,0.0053731874,0.005374266,0.0053752433,0.0054771793,-4.269706,-4.270482,-4.351467,-2.1224334,-2.1228192,-2.1630764,-2.4794405,-2.4798913,-2.5269198
3195919254111314816,63.82965602087436,-7.670903382610344,0.05040204,0.041711546,199.45161,0.069206245,-2247.1829,0.06516677,-3409.8237,0.053521328,9.775309,11.490885,8.501209,1.5103394,1.5311921,0,-45.0,5.0,1953GCRV..C......0W,0,1.0,0.2216877,0.00500936,0.005012064,0.005013806,0.005015378,-3.690309,-3.6915915,-3.6927493,-1.400335,-1.4008217,-1.401261,-3.088926,-3.0899997,-3.0909688
3195919254111315712,63.830787524383176,-7.672952135407352,0.036807783,0.030754047,199.69107,0.05120331,-2236.1687,0.047661513,-3338.9553,0.038766496,9.54224,9.481124,9.672128,1.1406847,1.1953526,0,,,,0,1.0,0.22800325,0.005004741,0.0050065075,0.0050078374,0.0050091115,-3.6861455,-3.687125,-3.6880631,-1.3989735,-1.3993452,-1.3997011,-3.0855014,-3.0863214,-3.0871065
3195919528989223040,63.80795300602079,-7.6680778150199815,0.09761786,0.06970807,199.60802,0.12083028,-2240.085,0.13507964,-3421.8086,0.09439368,4.179894,4.610995,3.5697494,1.2259238,1.9449321,0,-42.621136,0.4151377,2018A&A...616A...1G,1,1.0,0.17280483,0.0050027026,0.005006938,0.0050098407,0.005012858,-3.686048,-3.6881852,-3.6904066,-1.3975236,-1.3983339,-1.3991761,-3.0869732,-3.088763,-3.0906234
3197487123332369536,61.52874997880343,-5.579705448233032,0.022469262,0.020656662,70.869865,0.028485473,23.190186,0.028616339,-145.20715,0.024343276,11.993692,13.544682,10.780243,1.460847,1.5983998,0,-7.79,4.874,2015ApJS..220...16T,0,1.0,0.033425644,0.014097043,0.014103973,0.014109978,0.014115798,-10.481442,-10.485906,-10.490231,-3.206853,-3.2082186,-3.2095418,-8.8756695,-8.879449,-8.883111
3200303384927512960,70.09847133151465,-5.501688546295259,0.049550675,0.03023422,102.59424,0.06124402,334.52908,0.06435718,127.91373,0.055755787,14.904285,18.04914,13.408868,1.708745,1.0992194,0,29.9,0.2,2012ApJ...758...56S,0,1.0,0.04027778,0.009732682,0.009741224,0.009746985,0.009752283,-7.69262,-7.6971684,-7.701353,-3.1223729,-3.1242192,-3.1259174,-5.0956693,-5.0986824,-5.1014543
3203124697405667712,65.95088653918056,-4.233918172124934,0.7000405,0.5746399,70.15017,0.9335513,-339.95563,0.954753,71.31804,0.72352386,20.09032,21.427774,18.172626,2.6735923,1.5730628,0,,,,0,0.942,0.14936508,0.013826145,0.014079501,0.014279195,0.014473869,-11.010507,-11.166672,-11.318912,-3.6528864,-3.7046967,-3.7552042,-7.978566,-8.091729,-8.202046
3209938366665770752,82.86754111476276,-3.6865276019053095,0.013431494,0.011008606,175.31314,0.020392798,761.6309,0.01798819,-2092.2087,0.013469684,7.1082892,8.191394,6.069535,1.3631953,0.96368384,0,8.25507,0.13971664,2018A&A...616A...1G,1,1.0,0.27873158,0.00570264,0.0057034846,0.0057043233,0.005840398,-4.7942057,-4.7949104,-4.9092917,-2.436984,-2.4373424,-2.4954844,-1.8990623,-1.8993415,-1.9446496
3210731015768096000,82.10736002059835,-3.503099306330114,0.013489681,0.0118805105,77.34987,0.019757157,-307.9853,0.017753925,-797.41064,0.014122979,7.242388,7.8614364,6.4890795,1.2524947,0.97431624,0,-55.60547,0.15512791,2018A&A...616A...1G,1,1.0,0.13661732,0.012920548,0.0129252365,0.012928338,0.012931693,-10.876642,-10.8792515,-10.882076,-5.3990264,-5.400322,-5.401724,-4.4284205,-4.429483,-4.4306326
3211461469444773376,75.2066176720424,-5.758598962923454,0.014750765,0.011480764,113.07146,0.02223858,549.30865,0.020699173,-1108.245,0.01622233,5.886492,6.4363804,5.186893,1.2388057,0.9748489,0,21.382961,0.14462914,2018A&A...616A...1G,1,1.0,0.32389033,0.008840141,0.008842321,0.008844086,0.008845801,-7.1235294,-7.1249514,-7.1263337,-3.3365467,-3.3372126,-3.3378599,-4.038493,-4.039299,-4.0400825
3217523558083415040,84.96740404897075,-0.9823154098644139,0.28506786,0.28281888,78.94509,0.36030874,162.10193,0.33914417,322.22607,0.29790023,19.156998,21.652287,17.53111,1.9546047,1.1761235,0,13.91,0.15,2010ApJ...723..684B,0,1.0,0.015277778,0.012535789,0.012609518,0.012670244,0.012724909,-10.925649,-10.978265,-11.02563,-5.201649,-5.2266994,-5.2492495,-3.5458434,-3.5629194,-3.5782914
3218697767783768320,87.83167502627973,-0.17152175238197023,0.01719686,0.015723644,89.11207,0.021058416,112.63954,0.020369764,226.80278,0.017012108,14.425181,14.690135,13.992338,1.1953,1.0092648,0,,,,0,1.0,0.913547,0.0112159755,0.011219265,0.011221746,0.011224416,-9.799306,-9.801473,-9.803804,-4.802413,-4.803475,-4.804618,-2.6042948,-2.6048706,-2.6054904
3238449635184620672,75.08759875013749,3.5123475927207517,0.2322285,0.11184412,75.60815,0.29071426,11.280589,0.31969443,-351.8929,0.2551514,18.936213,21.602688,17.281218,1.9951142,1.0094143,1,15.94,0.16,2010ApJ...723..684B,0,1.0,0.05669192,0.013107721,0.013173706,0.013223988,0.013275133,-11.674162,-11.71872,-11.764044,-3.3772302,-3.3901205,-3.4032323,-5.08476,-5.104168,-5.123909
3243715604392800512,57.6825473764549,-6.100991036847448,0.032398168,0.028658241,100.72988,0.040944874,-445.61755,0.038165238,-1371.1958,0.03476752,11.477213,13.061828,10.247032,1.4755344,1.6850219,0,,,,0,1.0,0.24607018,0.009918021,0.009923534,0.009927644,0.009931504,-7.062661,-7.065587,-7.068334,-1.8906963,-1.8914795,-1.8922149,-6.7097387,-6.712518,-6.7151284
3244915072792668416,58.64775014592239,-6.823671241650217,0.019846765,0.01721915,63.813602,0.022790443,-5.5262394,0.025739677,527.3485,0.023577986,8.42398,9.245791,7.5364695,1.2934786,1.1170083,0,61.77072,0.17657618,2018A&A...616A...1G,1,1.0,0.081289686,0.015657596,0.015665252,0.015670745,0.0156764,-11.145533,-11.149442,-11.153464,-3.3002892,-3.3014467,-3.3026378,-10.50168,-10.505363,-10.509154
3256334497479041024,59.36875368575957,-1.1600991567872856,0.018707763,0.01602173,65.426186,0.023404164,-185.71231,0.023671072,-142.90483,0.019702373,7.6725683,8.283414,6.9264627,1.2500348,1.057975,0,3.4235122,0.13775294,2018A&A...616A...1G,1,1.0,0.08022759,0.015272392,0.015279502,0.015284583,0.0152902575,-11.758577,-11.762488,-11.766855,-2.2323751,-2.2331176,-2.2339468,-9.498185,-9.501344,-9.504871
3256334497479304832,59.36949755306553,-1.1571447425364605,0.037175536,0.029461473,65.491844,0.0441214,-209.4093,0.044216726,-139.72987,0.035202876,10.437843,11.731856,9.307403,1.4125295,1.2309432,1,3.2683678,1.5942266,2018A&A...616A...1G,1,1.0,0.05343615,0.015245796,0.015258654,0.0152693,0.015280012,-11.743006,-11.751199,-11.759442,-2.228873,-2.230428,-2.2319927,-9.484749,-9.491366,-9.498025
3257243312560240000,57.75016330188741,-0.88123385827372,0.056386128,0.04259556,68.12178,0.068033636,10.986404,0.06424635,-469.96387,0.054485295,15.313112,18.285807,13.841703,1.6791291,1.2556665,0,-11.0,2.0,2015ApJS..220...18B,0,1.0,0.055555556,0.014644149,0.014664542,0.014680008,0.0146947,-11.151526,-11.163287,-11.17446,-1.8186648,-1.820583,-1.8224051,-9.347979,-9.357838,-9.367204
3261591090771914240,51.297080008868015,-1.8247081785895434,0.047307435,0.043979317,59.066326,0.057836663,235.86296,0.060400065,-868.8995,0.056382086,15.907634,16.332634,15.304877,1.2236643,1.037916,0,,,,0,1.0,0.84018517,0.016892679,0.016914353,0.016930785,0.0169478,-11.842966,-11.85447,-11.8663845,-1.0478836,-1.0489016,-1.0499557,-12.030854,-12.0425415,-12.054644
3263836568394170880,54.21723179468776,0.3995245948754849,0.13064362,0.10932585,71.836975,0.15034246,-232.56337,0.16380472,-481.4723,0.14295639,4.1410933,4.4336386,3.6758435,1.2000439,3.063193,1,,,,0,1.0,0.11140151,0.013853653,0.013891284,0.013918431,0.013950125,-10.335242,-10.355439,-10.379021,-0.92711085,-0.9289226,-0.9310379,-9.235313,-9.253362,-9.274433
3266937637860051840,47.81499313101462,1.108502371089936,0.036401514,0.027029002,59.554535,0.04403985,113.88221,0.036729537,-16.438248,0.03231907,14.177194,16.502714,12.800209,1.581419,1.0643317,0,,,,0,1.0,0.044444446,0.016763264,0.016779723,0.016791906,0.016804548,-11.633084,-11.641531,-11.650295,0.2793527,0.27955556,0.279766,-12.08935,-12.098129,-12.107237
3269132022551595264,50.518598338794945,2.9396475295045255,0.021532977,0.017194567,61.359455,0.02315164,340.25214,0.03009277,-749.8976,0.023421168,13.310485,15.06327,12.048697,1.4899622,1.3806344,0,,,,0,1.0,0.106457435,0.016283628,0.016291814,0.016297814,0.016303757,-11.940551,-11.944948,-11.949305,0.1495881,0.1496432,0.14969777,-11.082602,-11.086683,-11.090727
3269362645115584640,49.841600693178854,3.3706161908023495,0.15219423,0.1008994,107.80234,0.1837598,269.29794,0.15287511,93.95652,0.11138936,4.6564903,5.0134506,4.1545105,1.1903677,1.3376036,0,19.229979,0.24172504,2018A&A...616A...1G,1,1.0,0.13405423,0.009240758,0.009261714,0.009276412,0.009291657,-6.762507,-6.773239,-6.78437,0.20968899,0.21002176,0.2103669,-6.324862,-6.3348994,-6.34531
3278325004913943808,56.83914753816445,8.693515501909106,0.03034959,0.020409036,80.05521,0.03375017,468.99747,0.041381393,-652.31134,0.027127257,12.960607,14.802247,11.6751175,1.5083188,1.3447858,3,5.0,4.0,2014AJ....147...20N,0,1.0,0.11539683,0.012479493,0.012486017,0.012491294,0.012496581,-10.308328,-10.312684,-10.317049,0.14943795,0.1495011,0.14956439,-7.0439105,-7.0468874,-7.0498705
3288082758293022848,73.02457095863625,6.47519220606572,0.0189603,0.01065674,80.56233,0.02359831,153.61546,0.025907679,-306.04617,0.019233298,10.714013,12.230651,9.507367,1.4583948,1.1652066,6,,,,0,1.0,0.13070586,0.012405218,0.01240924,0.012412742,0.012416256,-11.174958,-11.178112,-11.181276,-2.4217162,-2.4223995,-2.4230852,-4.8212895,-4.8226504,-4.8240156
3288921720025503360,72.46212402119102,6.9613310085374644,0.16772185,0.08676815,124.619804,0.22457013,463.9544,0.23709324,11.93701,0.18054439,3.0879216,3.513966,2.7081478,1.0870396,3.9249425,0,22.411,0.52,2017AJ....153...75K,0,1.0,0.047916666,0.0079905065,0.008010431,0.008024693,0.00803981,-7.2234306,-7.2362905,-7.2499228,-1.4634815,-1.466087,-1.468849,-3.1380372,-3.143624,-3.1495461
3292000966760477312,76.06120711009983,11.057493260959767,0.029582363,0.017931923,98.234634,0.033846352,-63.288326,0.03751376,194.6048,0.025274444,12.219813,13.984232,10.947862,1.5010812,1.3137978,0,-17.992,4.973,2015ApJS..220...16T,0,1.0,0.086405724,0.010171355,0.010176285,0.010179709,0.010183104,-9.542809,-9.54602,-9.549204,-1.6652,-1.6657603,-1.6663159,-3.117481,-3.1185296,-3.11957
3303349202364648320,58.84840242722281,11.559360051407344,0.46447718,0.29026884,109.13811,0.48333266,223.18184,0.5935569,-631.30347,0.36552396,19.560682,21.542862,17.967545,1.9426996,1.2104801,0,11.92,0.22,2010ApJ...723..684B,0,0.998,0.041666668,0.009073459,0.009125518,0.009163709,0.009202318,-7.821408,-7.854141,-7.887233,0.24765308,0.24868953,0.24973734,-4.694606,-4.7142534,-4.734116
3310083401849536384,69.8813981708779,16.258397456266078,0.024382252,0.010945506,83.994835,0.028533233,-77.78582,0.038436096,-795.27155,0.023503244,13.54909,15.779023,12.186499,1.5695533,1.1098962,0,-33.0,4.0,2014AJ....147...20N,0,1.0,0.10158934,0.011896391,0.011901659,0.01190544,0.011909208,-11.198549,-11.202107,-11.205652,-0.34147877,-0.34158725,-0.34169534,-4.0156417,-4.0169177,-4.018189
3316364602541746048,90.01597644159976,2.7063740799024933,0.022850085,0.01891428,192.01346,0.03095804,309.14624,0.033973638,-40.36843,0.024125101,9.901327,11.5446415,8.654313,1.4870876,1.0857981,4,30.228,0.0038,2018A&A...616A...7S,0,1.0,0.07689426,0.0052061654,0.005207321,0.0052083824,0.0052966373,-4.662079,-4.6630287,-4.7420425,-2.130838,-2.131272,-2.167386,-0.9169224,-0.91710925,-0.93264943
3320184202856435840,89.10409821980528,5.359344709329013,0.014304191,0.011868242,123.19885,0.017005328,-444.6846,0.017798543,-925.13965,0.015032777,13.967377,14.296304,13.465378,1.2040331,0.9165941,0,,,,0,1.0,0.78330946,0.00811438,0.008115859,0.008117005,0.008118082,-7.4305387,-7.4315886,-7.432574,-2.965286,-2.9657052,-2.9660983,-1.3643082,-1.364501,-1.3646818
3338097377577012480,81.99976842562212,9.640568493579861,0.024646379,0.018956188,97.88677,0.02878483,-191.34384,0.029150078,-756.83685,0.021179045,11.174757,12.686799,9.976521,1.4492874,1.0856308,0,60.611,0.0028,2018A&A...616A...7S,0,1.0,0.087558925,0.010209159,0.010213274,0.010216963,0.010557684,-9.6135235,-9.616996,-9.93771,-2.465353,-2.4662435,-2.5484893,-2.4110498,-2.4119208,-2.4923549
3339914973377653760,84.16024229906046,11.296613294698856,0.02705974,0.02121412,87.34527,0.0337545,-3.3231552,0.03561343,-60.83845,0.025285352,11.196607,12.786324,9.972426,1.4675411,1.2265389,1,20.7,0.36,2017AJ....154...69S,0,1.0,0.06094276,0.011437611,0.011443927,0.011448593,0.01145327,-10.898315,-10.90276,-10.907214,-2.7273493,-2.7284615,-2.729576,-2.179848,-2.1807368,-2.1816278
3339921875389105152,84.12911430605554,11.327618308646477,0.02003196,0.015458795,87.52974,0.02423139,-2.8178153,0.024696462,-56.349705,0.01743772,8.195061,9.082688,7.266804,1.309922,1.1343596,0,21.233337,0.24683315,2018A&A...616A...1G,1,1.0,0.10521465,0.011417021,0.011421408,0.011424618,0.01142777,-10.878532,-10.88159,-10.884593,-2.7137132,-2.7144759,-2.715225,-2.1775777,-2.1781898,-2.1787908
3340477717172813568,85.547707594821,12.482359917793618,0.021720607,0.016745532,172.67622,0.028589318,1997.3419,0.029268274,-1569.355,0.019930467,10.11378,11.743633,8.873728,1.4805942,1.114727,2,105.879,0.0018,2018A&A...616A...7S,0,1.0,0.17191078,0.005788966,0.0057904017,0.005791541,0.005897654,-5.5527215,-5.553814,-5.6555715,-1.3555436,-1.3558104,-1.3806516,-0.92657304,-0.92675537,-0.9437354
3341624061123288448,83.71660430393523,13.87787924781139,0.020152776,0.016332781,83.97056,0.022582054,-118.62048,0.027121553,-396.57123,0.018325778,10.6154585,12.076758,9.428337,1.4449806,1.0299894,1,37.7,0.5,2016A&A...596A.116S,0,1.0,0.13545778,0.011901524,0.011905533,0.011908757,0.011912181,-11.485589,-11.488698,-11.492002,-2.352349,-2.3529859,-2.3536625,-2.0710957,-2.0716565,-2.0722523
3359074685047632640,99.29143146487576,17.566316517740663,0.018374538,0.016914573,100.02319,0.020844575,-764.4141,0.0223944,337.88324,0.017818578,8.878268,9.855305,7.9017057,1.3296397,1.0874019,0,-58.321,0.0136,2018A&A...616A...7S,0,1.0,0.14723937,0.009992604,0.009995393,0.009997629,0.009999848,-9.589191,-9.591336,-9.593465,-2.69009,-2.6906917,-2.6912887,0.84776485,0.8479545,0.8481427
3365063724883180288,104.87435115776526,19.344873685053248,0.05188215,0.050008293,128.9866,0.06069526,909.12054,0.062004723,-894.5493,0.051228162,12.776403,15.127557,11.390862,1.5912696,1.610747,0,,,,0,1.0,0.16705388,0.0077442853,0.0077491296,0.0077526574,0.007756188,-7.3112235,-7.3145523,-7.3178835,-2.153387,-2.1543674,-2.1553485,1.3992647,1.3999017,1.4005393
3377365057060447616,96.17468890917205,23.430778569567785,0.024395863,0.021334816,117.72627,0.02781314,550.9179,0.030382317,-508.33292,0.024191787,11.662542,13.368617,10.408452,1.486801,1.1740257,0,-11.44,0.0032,2018A&A...616A...7S,0,1.0,0.08541366,0.008489754,0.008492607,0.00849482,0.008661717,-8.354534,-8.356711,-8.520895,-1.3377137,-1.3380624,-1.3643512,0.73256934,0.73276025,0.74715674
3399063235755057792,88.59482419468164,20.275852148021837,0.3168197,0.31237152,114.94966,0.5279793,-179.01353,0.40493333,-90.729935,0.33746862,4.241686,4.5441318,3.7479024,1.2122209,5.6246004,0,-15.480147,0.17724425,2018A&A...616A...1G,1,0.916,0.12289262,0.008602652,0.008659284,0.008698164,0.008738472,-8.555363,-8.593776,-8.6336,-1.2721775,-1.2778894,-1.2838113,-0.41295102,-0.41480514,-0.41672742
3407785622839603968,78.17726253072034,19.666725360748927,0.020081727,0.012485363,82.31043,0.020309998,279.3538,0.02771226,240.886,0.017663091,9.814525,11.001734,8.729942,1.3859837,1.1119194,0,-25.59839,0.4532298,2018A&A...616A...1G,1,1.0,0.16659483,0.0119049195,0.0119049195,0.012147674,0.0121511575,-11.6484785,-11.886004,-11.889413,-0.753216,-0.768575,-0.7687954,-2.3393834,-2.387086,-2.3877707
3409711211681795584,70.73548173808452,18.953202926391814,0.021129817,0.00833162,105.42748,0.021029381,656.647,0.027073016,-1116.5935,0.016278848,9.004439,10.210481,7.909447,1.3928164,0.88777876,1,25.681438,0.28841102,2018A&A...616A...1G,1,1.0,0.26422858,0.009480825,0.009483385,0.009485204,0.009487043,-9.048078,-9.049813,-9.051568,-0.003370446,-0.0033710923,-0.003371746,-2.8402233,-2.840768,-2.8413188
3421840993510952192,77.58263149822184,27.23104763817728,0.06431546,0.041302666,97.31851,0.070833296,-213.272,0.08425166,-630.81024,0.05591051,14.925671,17.971539,13.433141,1.708134,1.0679677,0,-31.0,4.0,2014AJ....147...20N,0,1.0,0.1526413,0.010258429,0.0102681955,0.010275747,0.010283327,-10.169112,-10.176591,-10.184097,0.5134234,0.513801,0.51418,-1.3271776,-1.3281537,-1.3291334
3426333598021539840,91.91027346627297,24.497694088057266,0.43209976,0.39146382,138.06158,0.5184914,-472.87076,0.5230933,-318.4644,0.3730578,19.54577,22.101849,17.854399,2.0676286,1.1278652,0,-11.9,1.1,2016AJ....152..123G,0,1.0,0.06435065,0.0071772006,0.0072176163,0.007242261,0.0072680544,-7.1694574,-7.193938,-7.219559,-0.792546,-0.79525214,-0.79808444,0.2544291,0.25529787,0.2562071
3507879565090229888,199.596298132351,-18.31592210064546,0.103657864,0.10994823,117.172646,0.1455929,-1070.2015,0.15287328,-1063.8486,0.12301945,4.5325284,4.904673,4.006235,1.1982535,1.1792638,0,-8.160227,0.19209681,2018A&A...616A...1G,1,1.0,0.17789142,0.0085119,0.008524227,0.008534515,0.008546368,4.0850477,4.089978,4.0956583,-4.5606155,-4.56612,-4.5724616,5.930904,5.938062,5.946309
3741297293732404352,206.4405658448607,14.885052704598573,0.021617748,0.014271579,183.9962,0.025324116,1776.0062,0.033817586,-1455.1558,0.016629888,7.6105833,8.684302,6.56938,1.3679916,1.0476037,0,15.559832,0.14797172,2018A&A...616A...1G,1,1.0,0.20385522,0.0054330616,0.0054340973,0.005434866,0.0054356256,1.6251353,1.6253653,1.6255924,-0.24056706,-0.2406011,-0.24063471,5.1798143,5.180547,5.181271
3757613049856225792,162.05518399901217,-11.342803319735205,0.0513449,0.050458375,219.33022,0.060230438,579.0187,0.06579582,-1530.0765,0.057569522,12.837447,15.940733,11.3598585,1.6831286,1.1384968,0,-0.2,3.0,2009ApJ...705.1416R,0,1.0,0.14272487,0.0045563774,0.0045580724,0.0045593497,0.004560603,-0.53559226,-0.53574234,-0.53588957,-3.3829205,-3.3838687,-3.3847988,3.0074925,3.0083354,3.0091624
3796072592206250624,176.93768799004127,0.7991199702364985,0.027359888,0.01983703,296.3053,0.030185517,607.2991,0.03432964,-1223.0283,0.022648253,9.601,11.361026,8.327767,1.5032625,1.0825819,4,,,,0,1.0,0.13958333,0.0032963841,0.0032963841,0.0033747687,0.003375181,0.0045744074,0.0046831816,0.004683754,-1.6702752,-1.7099925,-1.7102015,2.8418846,2.9094615,2.909817
3828238392559860992,153.07293731001045,-3.746747553020674,0.022290116,0.025301883,129.7544,0.025240922,-152.76022,0.027702224,-243.69296,0.027694264,8.331761,9.491674,7.257185,1.381685,1.033861,3,7.2139893,0.32741722,2018A&A...616A...1G,1,1.0,0.09358165,0.0075880894,0.0075880894,0.007706278,0.007708028,-2.3846118,-2.4217534,-2.4223032,-5.231412,-5.3128943,-5.3141003,4.9522777,5.0294123,5.0305543
3855208897392952192,157.22878342623204,0.8377468877660948,0.019749735,0.015054173,142.09514,0.021169754,-602.992,0.023941966,-731.882,0.020909585,8.675959,9.877737,7.5821676,1.392481,0.8839424,0,7.4290037,0.45534974,2018A&A...616A...1G,1,1.0,0.14215669,0.007035285,0.007036577,0.0070375777,0.0070385975,-2.0723486,-2.0726433,-2.0729437,-4.340028,-4.3406453,-4.3412743,5.136433,5.1371636,5.137908
3864615459886222464,162.7129640681676,6.804489538122279,0.022678496,0.023132615,143.53906,0.028598778,-856.2895,0.030522237,-818.58344,0.02915545,10.290781,11.919469,9.050169,1.4814485,1.0026705,0,-1.095,0.002,2018A&A...616A...7S,0,1.0,0.19174062,0.0069636595,0.0069654426,0.006966753,0.0069681103,-1.8320459,-1.8323907,-1.8327476,-3.5608497,-3.5615194,-3.5622134,5.699241,5.700313,5.7014236
3864972938605115520,164.10319030755974,7.002726940984864,0.06683743,0.051524777,415.1794,0.06837086,-3866.3384,0.08130645,-2699.215,0.06910815,11.038391,13.770287,9.58545,1.6632524,0.8353354,3,19.321,0.145,2015ApJ...802L..10T,0,1.0,0.2296639,0.0023733322,0.0023733322,0.0024083944,0.0024089245,-0.5792331,-0.5877903,-0.5879197,-1.1902997,-1.2078844,-1.2081504,1.9698684,1.9989699,1.99941
3902874650601954816,188.3146767758809,9.021829208339808,0.39643833,0.31713468,223.47748,0.46645853,-1710.4677,0.5541853,203.09781,0.45071223,11.240162,13.037464,9.539625,2.1542332,13.949631,40,,,,0,0.992,0.17081113,0.0044537256,0.0044659837,0.004474935,0.00448422,0.45776924,0.4586868,0.45963848,-1.3496269,-1.3523321,-1.3551378,4.232489,4.2409725,4.249772
3902874650602495232,188.3144928018531,9.022091624851694,0.38736263,0.3526294,231.1185,0.5118605,-1795.6609,0.5651156,217.78856,0.5500163,11.235116,12.916022,9.381813,2.4744475,6.116347,58,,,,0,0.89,0.18562596,0.004304393,0.004317289,0.0043263678,0.0043352353,0.44250613,0.44343665,0.44434553,-1.3046823,-1.3074259,-1.3101056,4.091574,4.100178,4.1085815
3988987164339438208,165.0156786023955,22.831702302659366,0.021912998,0.01972936,148.19855,0.02533127,-426.95773,0.024254516,-282.2984,0.023139184,8.977005,10.275288,7.8457494,1.4125609,1.1143636,0,3.155,0.0013,2018A&A...616A...7S,0,1.0,0.14995907,0.0067450497,0.006746473,0.006747577,0.006748778,-2.3411694,-2.3415523,-2.341969,-1.727525,-1.7278076,-1.7281151,6.086828,6.0878243,6.0889077
4075141768785646848,282.4587890175222,-23.83709744872712,0.029065154,0.026151126,336.0266,0.031666122,639.36786,0.03683873,-193.95793,0.031829588,9.126414,10.732183,7.898147,1.4699805,0.98801184,0,-10.494,0.0015,2018A&A...616A...7S,0,1.0,0.0729798,0.0029753393,0.0029757242,0.0029760636,0.0030050771,2.8710523,2.8713799,2.8993728,0.5740902,0.5741557,0.5797531,-0.5314261,-0.5314867,-0.5366681
4109030160308317312,258.83511696459266,-26.60789783205067,0.08716705,0.050559975,168.13028,0.10807573,-465.86078,0.11067274,-1141.1677,0.07299198,4.828591,5.282556,4.2228065,1.2128047,0.66811454,0,-0.1,0.5,2006AstL...32..759G,0,1.0,0.25281745,0.005939435,0.005944048,0.0059479126,0.005951447,5.898607,5.9024415,5.905949,-0.17779638,-0.17791197,-0.1780177,0.711712,0.71217465,0.7125979
4109030160308320128,258.83412017812816,-26.606806615399403,0.09748027,0.05356748,168.00308,0.13433942,-498.6002,0.12304996,-1149.1582,0.08629262,4.831335,5.2874,4.2290955,1.209485,0.6913257,0,0.44,0.1,2018A&A...619A..81H,0,1.0,0.23407607,0.005941439,0.0059480416,0.005952821,0.005957572,5.902554,5.907297,5.912011,-0.1778757,-0.17801864,-0.1781607,0.71232986,0.7129023,0.71347123
4109034455276324608,259.05329410009625,-26.551146094884785,0.026496917,0.014280516,167.96169,0.031054644,-479.57324,0.031484798,-1124.3317,0.019801429,5.889863,6.53097,5.116134,1.2602421,0.73806286,1,-0.036989745,0.2227382,2018A&A...616A...1G,1,1.0,0.21852176,0.0058527743,0.0058527743,0.0059532938,0.0059545436,5.810038,5.9098234,5.9110646,-0.1589411,-0.16167088,-0.16170482,0.6878674,0.6996813,0.6998282
4286249341336984576,282.0747587449577,7.690323894810538,0.03493147,0.03375928,131.279,0.039764576,376.0423,0.043052584,248.7192,0.037556667,12.296879,14.458399,10.945549,1.5603652,1.1973784,0,-34.0,5.0,2014AJ....147...20N,0,1.0,0.05260943,0.007611636,0.0076148813,0.0076172594,0.007619492,5.865807,5.867639,5.869358,4.823783,4.8252897,4.8267035,0.55663604,0.5568099,0.55697304
4293315765165489536,289.2373736967538,5.14437331543419,0.058634024,0.056761414,168.9537,0.0668329,-598.7613,0.071685836,-1366.0635,0.06496898,14.3032875,17.74616,12.774753,1.7508157,1.2698908,0,29.0,5.0,2014AJ....147...20N,0,1.0,0.23098125,0.005913401,0.0059163487,0.005918741,0.0059210425,4.496146,4.4979644,4.4997134,3.8303783,3.831927,3.833417,-0.34066603,-0.34080377,-0.34093627
4293318823182081408,289.2276515036191,5.162976302668586,0.01995468,0.01894904,169.06151,0.023926072,-579.0805,0.024688331,-1332.8677,0.021144519,8.099911,9.355669,6.97715,1.412024,0.91293514,0,35.554638,0.15829197,2018A&A...616A...1G,1,1.0,0.20480219,0.005913043,0.00591438,0.0059154755,0.0059879404,4.493925,4.4947577,4.5498185,3.830112,3.8308215,3.877749,-0.33877945,-0.3388422,-0.34299305
4330690742322011520,247.57481416249274,-12.66785108081103,0.024267858,0.011660659,232.13898,0.026823945,-94.209595,0.03089707,-1183.9171,0.021104315,8.801877,10.3223,7.590719,1.4630961,1.1489384,0,-21.605495,0.32632256,2018A&A...616A...1G,1,1.0,0.13621633,0.004306767,0.004307468,0.0043286374,0.0043579037,3.9381516,3.9575062,3.9842632,0.23030455,0.23143642,0.23300117,1.7297978,1.7382991,1.750052
4339417394313320192,253.89324627148858,-8.398523023114832,0.044783093,0.022300683,153.96587,0.057011306,-813.0375,0.06271196,-870.6094,0.044425607,13.813289,17.05317,12.324193,1.6957015,1.0465386,0,15.39,0.11,2010MNRAS.407.2269M,0,1.0,0.20541666,0.006489473,0.0064925086,0.0064949263,0.0064972844,5.946366,5.9485803,5.9507403,1.1561427,1.1565733,1.1569932,2.3359654,2.3368351,2.3376837
4339465360510320128,253.85142032580904,-8.32657626383978,0.038644474,0.019463526,153.8754,0.047417864,-817.58026,0.052498914,-898.595,0.03971254,10.444497,12.005681,9.227242,1.4637411,1.08038,4,15.839,0.0018,2018A&A...616A...7S,0,1.0,0.2148617,0.006493902,0.006496636,0.006498637,0.006500555,5.946364,5.948195,5.949951,1.1604439,1.1608013,1.161144,2.3452952,2.3460174,2.34671
4468557611977674496,271.36591160903725,2.4941987580927343,0.19556189,0.17697598,195.85634,0.25345382,333.29208,0.26375088,-1068.3539,0.21460679,5.5392184,6.2211246,4.73547,1.2694895,3.7063498,0,-10.0,5.0,1953GCRV..C......0W,0,1.0,0.17721802,0.005091037,0.0050992602,0.0051055,0.0051122033,4.3343673,4.3396707,4.3453684,2.4912763,2.4943247,2.4975996,1.0046196,1.0058488,1.0071694
4468557611984384512,271.364453818457,2.495224095912567,0.1420084,0.13503794,195.56735,0.19638827,206.52501,0.24627137,-1107.492,0.1637304,3.987364,4.409446,3.4057531,1.210839,3.2666097,0,-5.8,0.0002,2018A&A...616A...7S,0,0.994,0.15714225,0.005102062,0.0051082624,0.00511327,0.0051185046,4.341981,4.3462377,4.3506866,2.495678,2.4981246,2.5006819,1.0065472,1.007534,1.0085653
4472832130942575872,269.44850252543836,4.739420051112412,0.026238997,0.029043527,546.97595,0.040116355,-801.55096,0.031820867,10362.395,0.036070455,8.1939745,9.791788,6.9580913,1.4803807,1.0848505,0,,,,0,1.0,0.19755471,0.0018279756,0.0018281857,0.0018380001,0.0018475229,1.5191497,1.527305,1.535218,0.9145815,0.91949123,0.9242552,0.44495893,0.4473476,0.44966537
4550763526539955712,264.4766236517814,18.596087654354623,0.011781842,0.013675553,122.5546,0.017568411,926.6381,0.01580357,984.4552,0.018191148,8.74288,9.8210335,7.7107677,1.3577348,1.121194,0,-10.092475,0.2320928,2018A&A...616A...1G,1,1.0,0.255686,0.0080414,0.0080414,0.008159028,0.008160544,5.425575,5.504939,5.5059614,4.927612,4.9996924,5.000621,3.3084586,3.3568542,3.3574774
4594497769766809216,266.6132135058437,27.717275040505413,0.10593308,0.12809382,119.924805,0.1542597,-312.08737,0.14742194,-773.1791,0.15877306,3.2384055,3.743817,2.7218137,1.1327127,3.8826666,0,-17.78,0.03,2018A&A...615A..31D,0,1.0,0.14184524,0.00831166,0.008327111,0.008338318,0.008348477,4.577384,4.583545,4.5891294,5.9512753,5.9592853,5.9665456,3.601478,3.6063256,3.6107192
4594497834189213184,266.60286144324283,27.713737369131668,0.12932199,0.18352671,119.88706,0.20551951,-413.97437,0.16249602,-798.5163,0.22695285,9.184961,10.055323,7.454041,2.3982372,4.305318,80,-16.0,5.0,1953GCRV..C......0W,0,1.0,0.16627105,0.008308158,0.008327287,0.008341383,0.008356325,4.5779147,4.5856643,4.5938787,5.950468,5.9605412,5.9712186,3.6025443,3.6086426,3.615107
4594497838483177984,266.60269364370964,27.71382058642485,0.16480061,0.28483889,120.39791,0.27854753,-259.3826,0.2407395,-671.0128,0.42523998,9.58592,10.057685,7.4465256,3.489378,9.111433,72,,,,0,0.984,0.12978114,0.008261155,0.008285825,0.008307202,0.008327336,4.5551114,4.566863,4.577932,5.9208355,5.936111,5.950498,3.584629,3.5938773,3.6025877
4646535078125821568,47.62973152269491,-68.6013979360917,0.02868027,0.025375301,96.18336,0.028869182,39.668236,0.036000192,-103.23744,0.03166909,11.409583,11.357257,11.532214,1.1370028,1.1267343,0,33.8,3.2,2006AstL...32..759G,0,1.0,0.32880622,0.010390089,0.010394243,0.010398281,0.010669513,2.0949445,2.0957582,2.1504247,-7.212593,-7.2153945,-7.4036036,-7.185402,-7.188193,-7.3756924
4646616923022587136,41.51227837952512,-70.40213295868823,0.01661342,0.01581876,78.39435,0.016313775,214.54651,0.024156447,-88.69538,0.02146973,13.122404,15.138994,11.806124,1.5280896,1.2798932,0,,,,0,1.0,0.15024652,0.012750765,0.012754854,0.012866685,0.013015084,3.161316,3.1890337,3.2258143,-8.654115,-8.729992,-8.830679,-8.820356,-8.897691,-9.000313
4656782698309778432,88.3603907587593,-71.56206618017886,0.025941279,0.026615389,87.680275,0.02678131,12.125021,0.034981474,396.95187,0.03700659,14.089678,16.696323,12.670469,1.6213261,1.1408013,0,,,,0,1.0,0.06888889,0.011396886,0.0114017455,0.011405034,0.011408262,2.0792964,2.0798962,2.0804849,-9.632168,-9.634946,-9.637673,-5.7356486,-5.737303,-5.738927
4667836363565989120,55.03513536747006,-67.39901254142404,0.44316822,0.51281667,106.86018,0.43787384,-331.03836,0.654375,499.64502,0.7242561,20.07103,21.70749,18.388159,2.1438234,1.1887661,0,,,,0,0.992,0.032575756,0.009269618,0.009319094,0.009357291,0.009395703,1.4864732,1.4925659,1.4986929,-6.7180533,-6.7455893,-6.7732797,-6.2851944,-6.310956,-6.3368626
4683897617110115200,6.482504988433097,-77.25279546754571,0.24859226,0.24950743,133.7194,0.27199635,2218.9846,0.3665861,326.44455,0.40407667,2.6807318,3.2956264,2.371489,0.9712747,3.6459582,0,23.085,0.0003,2018A&A...616A...7S,0,0.992,0.0906512,0.0074427035,0.0074621104,0.0074784243,0.0074939956,3.2693043,3.2764518,3.283274,-4.711014,-4.7213135,-4.731144,-4.7750483,-4.7854877,-4.7954516
4698037645878876800,31.86632145778327,-66.56822612915273,0.0129396785,0.0128296465,81.27838,0.015186255,1739.0659,0.01568228,368.0286,0.01700625,10.575351,11.740776,9.50428,1.3767715,1.1944972,1,-16.296328,0.6526628,2018A&A...616A...1G,1,1.0,0.22855912,0.0119935535,0.0119935535,0.012190784,0.012303417,2.9028513,2.950588,2.9778488,-7.3388157,-7.459501,-7.52842,-9.031089,-9.179603,-9.264415
4698424845771339520,25.75030396963025,-67.31295815760012,0.010806723,0.009853145,102.90778,0.01108138,-329.26434,0.013088989,-1018.50903,0.012755524,13.696558,13.942925,13.289191,1.1905675,1.049109,0,,,,0,1.0,0.821945,0.009715016,0.0097163925,0.0097174365,0.00971851,2.730076,2.7303696,2.7306714,-5.752799,-5.753417,-5.754053,-7.3389554,-7.339744,-7.3405557
4705628051386514304,16.02568403467347,-65.37498961991618,0.017051654,0.017706288,80.343666,0.019667704,-310.30753,0.023186015,-173.64934,0.023138754,12.447152,14.21399,11.18092,1.4936261,1.1828929,0,,,,0,1.0,0.14753921,0.012439518,0.012443348,0.0124462,0.01244949,3.9493036,3.950209,3.9512532,-6.6240115,-6.6255293,-6.627281,-9.765366,-9.767604,-9.770186
4719430087707860736,30.160435097325607,-55.96826051259185,0.025615338,0.028624827,121.70845,0.031887542,113.39499,0.031165347,-69.559166,0.037995238,10.557133,12.121607,9.335875,1.4679917,1.0814393,1,1.559,2.037,2013AJ....146..134K,0,1.0,0.1033066,0.008211402,0.008214112,0.008216358,0.00821857,1.0581338,1.0584232,1.0587081,-4.1483703,-4.149504,-4.150621,-7.0102086,-7.012125,-7.0140123
4721111481504887040,43.10219643138415,-63.676991712882106,0.02685896,0.027183436,85.116844,0.027555823,979.97797,0.038731124,634.3819,0.03796256,10.325339,11.642521,9.18859,1.4148294,1.0456504,0,34.906,0.0019,2018A&A...616A...7S,0,1.0,0.17060846,0.011740044,0.011745096,0.011748893,0.01175252,1.7764404,1.7770146,1.7775633,-7.567756,-7.570203,-7.57254,-8.804579,-8.807425,-8.810144
4722111590409480064,49.45525439342999,-62.572432544470445,0.040125452,0.045748863,83.02397,0.043765128,1337.5304,0.050653055,649.8398,0.07054606,5.344616,5.674381,4.8397856,1.2053652,0.9787096,0,12.212372,0.17169757,2018A&A...616A...1G,1,1.0,0.1977874,0.012029474,0.012037476,0.012043576,0.012050107,1.291487,1.2921414,1.2928421,-8.0743885,-8.07848,-8.082861,-8.833863,-8.83834,-8.843132
4722135642226902656,49.56622620807744,-62.5034842270098,0.05979171,0.05982028,83.060646,0.060815644,1331.0271,0.07289678,647.7254,0.08307062,5.0796084,5.3797417,4.594065,1.2083759,1.2022415,0,12.013624,0.32024968,2018A&A...616A...1G,1,1.0,0.10446128,0.012018829,0.012031339,0.012040305,0.012049056,1.2729607,1.2739092,1.2748351,-8.072651,-8.078667,-8.084538,-8.829779,-8.836359,-8.842781
4725889546721486976,39.14027962211789,-59.46617247284098,0.02851075,0.028164033,99.52313,0.03165347,575.20685,0.035757042,457.64078,0.035917807,12.611962,14.690452,11.273849,1.5505577,1.4528087,0,112.859,22.646,2017AJ....153...75K,0,1.0,0.08316498,0.009785759,0.009785759,0.010046379,0.010050104,1.1255132,1.1554884,1.1559169,-5.7868085,-5.9409256,-5.9431286,-7.8107076,-8.018726,-8.0217
4733113441195646592,54.73403875235281,-52.568615867333605,0.016597362,0.020564673,81.610405,0.01974659,145.2572,0.020976787,224.69786,0.026740208,12.777951,14.614522,11.498851,1.5008733,1.2286727,0,38.428,2.182,2017AJ....153...75K,0,1.0,0.12573546,0.012246538,0.012250363,0.012253116,0.012256062,-0.83927387,-0.83946246,-0.8396643,-7.846594,-7.848357,-7.850244,-9.370058,-9.372164,-9.374416
4736655036868019072,53.56719574134565,-49.89008390582608,0.04644137,0.05208889,112.60996,0.0557216,2360.5923,0.05702581,483.1275,0.08104918,15.837138,19.476444,14.289389,1.7764968,1.004608,0,71.4,3.0,2009ApJ...705.1416R,0,1.0,0.12779582,0.008870228,0.0088758245,0.008880132,0.00888448,-0.9203377,-0.9207843,-0.9212352,-5.439286,-5.441926,-5.4445906,-6.95323,-6.9566045,-6.960011
4741883764414703232,42.539712986926446,-53.13673320472705,0.012578792,0.01405435,75.72081,0.015200389,-114.4478,0.015785577,503.21848,0.018325,9.801348,10.956002,8.730087,1.3794411,1.1691872,0,-4.547683,0.23018259,2018A&A...616A...1G,1,1.0,0.11978175,0.012937834,0.012937834,0.013205338,0.013208707,0.111023374,0.11331891,0.11334782,-7.240721,-7.390432,-7.392317,-10.721341,-10.943018,-10.945809
4752399493622045696,43.77198593477078,-47.01672835622661,0.15466104,0.16697203,205.42508,0.18571998,1012.4447,0.18216792,-554.0308,0.24066855,18.598427,21.753365,16.880054,2.0887594,1.1210604,1,,,,0,1.0,0.034166668,0.0048580864,0.0048633395,0.004867748,0.0048721293,-0.41349882,-0.41387364,-0.41424617,-2.494912,-2.4971735,-2.4994211,-4.1540947,-4.1578603,-4.161603
4763897739549071744,76.44711331099732,-57.553300885193075,0.013479898,0.016424099,85.53009,0.015013209,-32.62848,0.0169235,119.50835,0.019282551,8.285325,9.152507,7.3733926,1.3012397,1.0808007,0,-0.87693113,0.16309991,2018A&A...616A...1G,1,1.0,0.08498228,0.011687032,0.011689761,0.011691871,0.011693888,-0.6330987,-0.63321304,-0.6333223,-9.354848,-9.356537,-9.3581505,-6.9811544,-6.9824147,-6.983619
4763906879239461632,76.3774682786158,-57.47218051585344,0.0752583,0.06560117,85.52329,0.07553504,-31.902847,0.09412759,117.94036,0.08250347,4.550013,4.8318477,4.1229744,1.1831913,0.85200065,0,-1.1451194,0.22226977,2018A&A...616A...1G,1,1.0,0.08125,0.01166646,0.011681563,0.011691692,0.01170185,-0.64781857,-0.6483803,-0.6489436,-9.341604,-9.349705,-9.357827,-6.983815,-6.989871,-6.9959435
4776266794388393472,73.38100536092082,-55.8599651712478,0.014721607,0.016903829,90.1675,0.016622616,126.14334,0.020289317,76.77078,0.02332494,9.915909,11.294135,8.755026,1.4299982,1.1073914,1,25.613,3.493,2017AJ....153...75K,0,1.0,0.11564694,0.011086193,0.011089057,0.011091541,0.011271248,-0.86566865,-0.8658625,-0.87989134,-8.629074,-8.631006,-8.770847,-6.910636,-6.9121833,-7.024176
4776266798684508928,73.37843024194483,-55.858486559127094,0.018016685,0.02042555,90.14673,0.020926774,146.19458,0.023093993,69.540665,0.028462367,10.738495,12.33442,9.505286,1.4774376,1.215279,4,31.585,3.553,2017AJ....153...75K,0,1.0,0.16627419,0.011087195,0.0110904435,0.011093657,0.011357337,-0.86600137,-0.86625236,-0.88684183,-8.629932,-8.632433,-8.837613,-6.9117475,-6.91375,-7.0780797
4780100658292046592,62.61100025779547,-53.61299677064624,0.02012137,0.020439873,140.69606,0.021376973,-825.1794,0.024030428,-2415.5776,0.026909515,11.902864,13.809194,10.605541,1.5156997,1.2592598,0,,,,0,1.0,0.22600709,0.0071050557,0.007106381,0.0071074534,0.0071085086,-0.6079249,-0.60801655,-0.60810685,-4.980184,-4.9809356,-4.981675,-5.0327773,-5.0335364,-5.034284
4780166972587269120,63.9929255161337,-53.30804447302178,0.013525238,0.013547521,76.663795,0.014609198,784.52875,0.016535902,396.6953,0.018028792,7.2427826,7.850983,6.4984865,1.2496489,0.92003185,0,-23.085075,0.15157323,2018A&A...616A...1G,1,1.0,0.12025284,0.013038246,0.013041446,0.013043936,0.013046446,-1.2448405,-1.2450782,-1.2453178,-9.23851,-9.240274,-9.242052,-9.120287,-9.122028,-9.123783
4780294722094459904,62.32307888770163,-53.371095634313306,0.015818108,0.016804645,66.07052,0.017207395,1046.236,0.019194031,584.16595,0.022748929,10.683944,12.079173,9.517747,1.4328465,1.3710715,1,36.9,10.0,1996AJ....112.2799H,0,1.0,0.26565054,0.015125813,0.015131743,0.015135754,0.015139635,-1.3378644,-1.338219,-1.3385621,-10.555406,-10.558204,-10.56091,-10.75933,-10.762181,-10.76494
4810594479418041856,77.9599373502188,-45.0438126993602,0.015058955,0.016367842,254.1986,0.016842743,6491.223,0.018412089,-5708.6143,0.020839408,8.063552,9.086244,7.059598,1.3439342,1.1701684,0,244.98715,0.18186499,2018A&A...616A...1G,1,1.0,0.29529703,0.0039334926,0.0039338414,0.0039511826,0.003967929,-1.0592589,-1.0639284,-1.0684377,-3.0021594,-3.0153935,-3.0281742,-2.3108692,-2.3210561,-2.3308938
4833654227548585856,53.756624557323974,-48.41777462792747,0.014252698,0.017271277,73.51988,0.016360268,404.44073,0.018321827,307.4984,0.023471927,8.020994,8.802591,7.159848,1.2834462,1.0094687,0,21.438957,0.14373803,2018A&A...616A...1G,1,1.0,0.079141736,0.013594947,0.013599282,0.013602898,0.013894292,-1.7291969,-1.7296568,-1.7667085,-8.199975,-8.202155,-8.377857,-10.710311,-10.71316,-10.94265
4846689899968623744,53.23079051788499,-44.701350214389144,0.012552485,0.013256213,91.147675,0.014975108,-311.49338,0.01678837,133.94624,0.019296892,10.390617,11.721791,9.25233,1.413769,1.1507744,1,22.801,0.0016,2018A&A...616A...7S,0,1.0,0.13558769,0.010966894,0.010969242,0.010971208,0.01097317,-1.9780389,-1.9783936,-1.9787474,-6.235817,-6.2369347,-6.23805,-8.804897,-8.806476,-8.80805
4847957293278177024,50.00034361894219,-43.06655252783423,0.06373573,0.06499741,165.52422,0.07836173,3035.0173,0.0812309,726.9645,0.101254486,4.063915,4.440891,3.5082927,1.2146823,1.976701,0,87.90039,0.43286318,2018A&A...616A...1G,1,1.0,0.10962998,0.006034315,0.0060385033,0.006041276,0.006044076,-1.1122825,-1.1127932,-1.1133089,-3.1822407,-3.183702,-3.1851773,-5.0099597,-5.01226,-5.0145826
4848140361962951552,54.00339387736301,-44.51436231604776,0.026093582,0.027700465,272.16153,0.031645775,745.65436,0.03492798,-373.32327,0.038019042,10.995456,13.281103,9.615727,1.5883918,1.1922306,8,,,,0,1.0,0.11205387,0.0036733046,0.0036739653,0.0036744962,0.0037250826,-0.6895514,-0.6896511,-0.6991454,-2.1060908,-2.1063952,-2.1353936,-2.9303448,-2.9307685,-2.9711158
4860376345833699840,54.898570206777336,-35.42759363988114,0.037494194,0.043565564,155.5982,0.052201733,309.00104,0.049672123,269.05844,0.06412824,15.439572,18.944666,13.887415,1.7869624,0.9987006,1,7.43,0.72,2016ApJS..225...10F,0,1.0,0.072222225,0.0064219004,0.0064246254,0.0064268834,0.0064290836,-2.1042485,-2.104988,-2.1057086,-3.1996891,-3.200814,-3.2019095,-5.158482,-5.1602955,-5.1620617
4884761177275202176,66.63566693368529,-30.802598323056248,0.016665375,0.019900374,74.86337,0.023076449,-67.03104,0.022165883,-468.69244,0.02845034,12.451043,14.289796,11.163345,1.5114746,1.2083122,0,,,,0,1.0,0.10027778,0.013347872,0.013353271,0.013357404,0.013361581,-6.1376863,-6.139586,-6.1415057,-7.544011,-7.5463457,-7.5487056,-9.150222,-9.153053,-9.155916
4894945708668731264,69.75363653878574,-23.88637247111139,0.1821811,0.27695718,80.72663,0.3582171,-113.216324,0.24353965,-152.85658,0.37767857,19.54434,21.207972,17.936485,2.007458,1.1660544,0,,,,0,1.0,0.01904762,0.0122576915,0.012328763,0.0123827355,0.012437922,-7.036395,-7.067199,-7.0986958,-6.506205,-6.534688,-6.5638113,-7.7560835,-7.790038,-7.824756
4896480390678599168,66.04804319730742,-23.943154274248094,0.010407399,0.01766438,64.86958,0.02477341,-30.815851,0.01455167,56.54924,0.02412706,10.997837,12.346643,9.848423,1.4227104,1.4744378,1,5.172,1.309,2017AJ....153...75K,0,1.0,0.06520775,0.015403194,0.015409765,0.015415343,0.015421317,-8.529921,-8.533009,-8.536315,-7.5716977,-7.5744386,-7.577374,-10.361984,-10.365735,-10.369752
4900108950849461248,5.0356095474274705,-64.86961713712722,0.11317258,0.117074765,116.18258,0.13336171,1706.7468,0.16225848,1164.9595,0.1561395,4.07351,4.369477,3.6002007,1.203115,3.2111413,0,9.28,0.0003,2018A&A...616A...7S,0,1.0,0.096660055,0.008585167,0.008598236,0.008608423,0.008617795,3.286796,3.2906902,3.294273,-4.1600757,-4.1650043,-4.169539,-6.7690773,-6.7770967,-6.7844753
4911306239828325632,24.951317415506175,-56.19325138476668,0.02694898,0.031159978,122.10881,0.036529314,262.61493,0.032002505,14.961301,0.03570043,5.5083017,5.9569917,4.886207,1.2262607,1.2739952,0,21.585934,0.1612856,2018A&A...616A...1G,1,1.0,0.2050147,0.008183456,0.008187119,0.008189593,0.008192103,1.3863862,1.386805,1.3872302,-3.8956695,-3.8968468,-3.8980412,-7.0661592,-7.0682945,-7.0704613
4911306239828325760,24.950656623757837,-56.19640006625107,0.024689367,0.024869077,122.00347,0.03193793,309.22983,0.02864282,10.815267,0.031780697,5.6254873,6.089998,4.9957995,1.22456,1.2156,0,20.138344,0.1567026,2018A&A...616A...1G,1,1.0,0.12975733,0.007984304,0.007984304,0.008195659,0.00819819,1.3523519,1.3881506,1.388579,-3.79941,-3.8999858,-3.9011896,-6.890917,-7.073329,-7.0755124
4937000898856154624,32.62406949532682,-50.820823199984886,0.123648584,0.16940248,92.61606,0.15740973,2168.886,0.14741921,710.8477,0.22197476,13.0888405,,,,4.4071383,61,,,,0,0.992,,0.010751615,0.010778919,0.01079643,0.010814014,0.5214189,0.52226603,0.52311665,-5.0406885,-5.0488772,-5.0571003,-9.513394,-9.52885,-9.544369
4937000898856156288,32.62294594706244,-50.82090583925884,0.035921752,0.04082425,92.92514,0.04607932,2125.4163,0.047867194,637.97504,0.061558302,5.893562,6.3114066,5.297973,1.2220806,1.6669345,0,55.226982,0.1798324,2018A&A...616A...1G,1,1.0,0.11765873,0.010748398,0.010756136,0.010761134,0.010766603,0.5204219,0.52066374,0.5209283,-5.0299582,-5.0322957,-5.034853,-9.49332,-9.497732,-9.502559
4946938113149426944,38.59437994852723,-43.797656906533284,0.027037933,0.030789455,86.61238,0.03549785,57.51591,0.032226857,-293.47375,0.036198452,8.196382,9.175138,7.1962285,1.3519018,2.2607906,0,24.285496,7.458657,2018A&A...616A...1G,1,1.0,0.042297978,0.0115341,0.011540704,0.01154534,0.011549884,-1.0312412,-1.0316554,-1.0320615,-5.061033,-5.0630655,-5.065058,-10.320385,-10.324531,-10.328594
4947513157730843136,41.29488660260175,-43.74395570978885,0.018364927,0.021999288,90.17717,0.024988465,32.032154,0.021304665,-387.79825,0.027587816,11.048344,12.612056,9.831223,1.4631821,1.1959121,0,28.327,0.0023,2018A&A...616A...7S,0,1.0,0.12285353,0.011081357,0.01108623,0.011089356,0.011092594,-1.2379444,-1.2382934,-1.238655,-5.103813,-5.1052523,-5.106743,-9.763354,-9.766107,-9.768958
4960651016012601856,24.841366809333778,-39.60350836178757,0.02320841,0.02822923,114.604034,0.040204506,143.63432,0.02754986,-228.78429,0.0323536,12.568368,14.691125,11.223761,1.554946,1.6810843,0,29.251,3.457,2017AJ....153...75K,0,1.0,0.05627918,0.0087184245,0.008722723,0.008725656,0.0087285265,-0.11036955,-0.11040665,-0.11044297,-2.3960338,-2.3968394,-2.397628,-8.386462,-8.389281,-8.392041
4971496564348436352,33.477411887361406,-32.04360677639304,0.020619458,0.02411185,78.11681,0.033007383,757.6713,0.032329436,-532.0332,0.034118876,9.404842,10.554232,8.331665,1.3826536,1.0763485,0,43.894966,0.5516805,2018A&A...616A...1G,1,1.0,0.07689815,0.012788333,0.012796056,0.01280124,0.012806567,-2.437438,-2.4384255,-2.4394403,-3.2625265,-3.2638483,-3.2652066,-12.130699,-12.135614,-12.140664
4971869092631523200,34.1498241917288,-30.96765178517003,0.02330215,0.025427796,74.63846,0.04041204,684.06586,0.040824033,246.53839,0.039076246,11.742346,13.404648,10.49483,1.4849328,1.5084537,0,,,,0,1.0,0.023376623,0.013380815,0.013390871,0.013398509,0.013405945,-2.817473,-2.8190799,-2.8206449,-3.3189735,-3.3208666,-3.3227098,-12.6634,-12.670622,-12.677655
4994877094997259264,0.5484242194982256,-43.16843961826971,0.014965798,0.013544389,120.01427,0.021522488,613.7853,0.018288197,-686.98926,0.01745327,12.895188,13.002297,12.692817,1.16427,1.1379193,0,-58.8,10.8,2006A&A...447..173P,0,1.0,0.55719596,0.008329004,0.008330803,0.008332423,0.008333964,2.3734012,2.3738623,2.3743014,-1.2811933,-1.2814422,-1.2816793,-7.882119,-7.883651,-7.8851094
4999067471248893952,10.855453981100336,-41.29537352681517,0.01893756,0.02121149,97.66081,0.03226839,-488.4871,0.022231419,-582.31384,0.024112476,11.5579195,13.249519,10.305014,1.4873661,1.3698524,1,-150.432,52.884,2017AJ....153...75K,0,1.0,0.09624519,0.010231217,0.010235903,0.010239291,0.010242464,1.5888433,1.5893692,1.5898618,-1.9582955,-1.9589435,-1.9595506,-9.920402,-9.923685,-9.92676
5020179503252128768,31.449610334078532,-30.17617825921,0.017156547,0.018917255,106.60957,0.027331987,-525.1906,0.029572725,103.98124,0.026675195,11.050699,12.439058,9.891173,1.4265732,1.2542118,0,36.9,10.0,1996AJ....112.2799H,0,1.0,0.105844475,0.009374673,0.009378249,0.009381118,0.009684112,-1.7933393,-1.7938879,-1.8518274,-1.9855142,-1.9861215,-2.0502698,-8.988504,-8.991255,-9.281657
5032683355641241472,14.622927124027411,-27.858385088201203,0.29576656,0.33962542,84.97896,0.46147266,1298.5225,0.37030783,-299.50146,0.5332437,10.572564,12.0326805,9.384145,1.4466895,17.007895,1,14.4,1.1,2006AstL...32..759G,0,1.0,0.064920634,0.011629494,0.011705308,0.011768106,0.011830912,-0.18498638,-0.18597883,-0.18697138,-0.30019763,-0.30180818,-0.3034189,-11.699996,-11.762765,-11.825542
5044297634405581696,45.523321427087616,-39.8506160871847,0.017106395,0.017922798,70.042946,0.023471314,-546.46136,0.019964015,-644.2162,0.022219446,13.990478,16.12391,12.653786,1.543391,1.2560314,0,,,,0,1.0,0.31090188,0.014265845,0.014272237,0.014276956,0.0142817665,-2.8251064,-2.8260405,-2.8269925,-6.5161614,-6.5183163,-6.520512,-12.379627,-12.38372,-12.387893
5046323965616929792,48.13118384752778,-38.085680838985176,0.018258825,0.02197285,69.387474,0.027599871,1263.0161,0.02295895,732.8575,0.032369535,10.51338,11.718703,9.420837,1.3903741,0.98409194,1,59.72607,0.4880324,2018A&A...616A...1G,1,1.0,0.118584655,0.014398848,0.014406219,0.014411995,0.014417477,-3.490957,-3.4923568,-3.4936852,-6.654607,-6.657275,-6.659807,-12.290996,-12.295924,-12.300601
5047423236725995136,46.54737320915348,-36.800989381416464,0.0379024,0.044842508,75.41841,0.057961263,-172.16539,0.049657423,-669.2439,0.057584766,15.993678,19.533905,14.460168,1.7561076,1.0157799,0,11.44,0.19,2010ApJ...723..684B,0,1.0,0.12878788,0.013236139,0.013249332,0.013258847,0.013268825,-3.287086,-3.2894466,-3.2919219,-5.7493377,-5.7534666,-5.7577963,-11.475408,-11.483648,-11.4922905
5052876333365036928,44.36088479989624,-31.096292745521065,0.20827232,0.33329615,102.69926,0.4758745,623.3875,0.2708357,346.37723,0.44932467,19.913662,21.318203,18.244032,2.1580377,1.1616254,0,,,,0,0.984,0.039444443,0.00963527,0.009695039,0.009736057,0.009779041,-2.9728467,-2.9854248,-2.9986048,-3.3895931,-3.4039342,-3.418962,-8.582926,-8.61924,-8.657292
5053399803976245760,49.72741837524085,-34.357935616760344,1.3924052,1.5507144,70.98123,1.8484838,390.31018,1.811076,32.244823,2.111626,20.970524,21.47957,19.276514,2.457406,1.2745929,1,,,,0,0.942,0.15011618,0.013267881,0.013748664,0.014098363,0.014498692,-4.2121634,-4.3193,-4.4419484,-6.022884,-6.1760764,-6.3514485,-11.619308,-11.914846,-12.253173
5055805741577757824,52.87633565748463,-30.71257633526702,0.03082132,0.04214625,79.946846,0.055602875,51.869373,0.040786304,-403.08453,0.05539231,15.628402,19.028793,14.108879,1.7378098,1.0410969,0,19.0,2.0,2015ApJS..220...18B,0,1.0,0.06666667,0.012488257,0.012499455,0.012507824,0.01251604,-4.751118,-4.754299,-4.757422,-5.37542,-5.3790193,-5.3825526,-10.23563,-10.242483,-10.249211
5059348952161258624,48.020701120552644,-28.98487006133274,0.054787677,0.08570472,71.4337,0.13195507,359.5647,0.08196032,619.18585,0.117282845,3.8014393,4.082066,3.3602977,1.1919692,2.5998335,0,-17.52012,0.73277515,2018A&A...616A...1G,1,1.0,0.05260943,0.013937423,0.013971402,0.013998193,0.014022796,-5.108303,-5.1180987,-5.1270943,-5.059565,-5.069267,-5.0781765,-11.979404,-12.002375,-12.02347
5059349158319689344,48.019242438399225,-28.984121178116506,0.02992993,0.05479547,71.008896,0.08736323,343.69952,0.046431676,635.8945,0.0698526,6.634122,7.1056385,5.993546,1.2290959,2.8498602,0,-23.586699,19.134628,2018A&A...616A...1G,1,1.0,0.14037338,0.014045423,0.014065286,0.01408141,0.014099249,-5.142598,-5.148494,-5.155016,-5.0932355,-5.0990744,-5.1055336,-12.060054,-12.073879,-12.089175
5062273240775788416,39.96417378346193,-34.14005671978969,0.008907363,0.012831621,92.00283,0.017503658,535.7992,0.0104495175,-1665.1227,0.017380299,10.681553,11.997281,9.546111,1.4136746,1.0766189,0,,,,0,1.0,0.296924,0.010864674,0.010867199,0.0108692655,0.010871268,-2.4734762,-2.4739466,-2.4744022,-3.7193472,-3.7200549,-3.72074,-9.906784,-9.9086685,-9.910494
5079067147013772288,43.66648548412693,-22.266581909507593,0.016578963,0.02230622,70.04028,0.026404543,383.8342,0.02366494,-73.64316,0.026211167,11.748698,13.199437,10.563382,1.4447393,1.3151368,0,,,,0,1.0,0.020168068,0.014263777,0.014272146,0.014277741,0.01428317,-5.873053,-5.8753552,-5.877589,-3.3754494,-3.3767726,-3.3780565,-12.562156,-12.5670805,-12.571858
5107106033552702208,55.982053739473585,-19.110199545087987,0.016497957,0.01491183,71.75053,0.021045957,310.09702,0.020467209,157.18456,0.017758498,6.8202105,7.2991104,6.174898,1.2292323,0.974805,0,25.12606,0.12548117,2018A&A...616A...1G,1,1.0,0.09064967,0.01392787,0.013933356,0.013937433,0.013941488,-7.7284117,-7.730673,-7.7329216,-4.6222286,-4.623581,-4.624926,-10.632266,-10.635377,-10.638471
5110641302736199424,58.583405672029585,-14.626996430366534,0.4872325,0.38462454,56.205326,0.6626128,-70.95007,0.5477319,86.40279,0.45273587,15.693614,18.243948,13.842362,2.3850954,10.724818,76,9.9,2.0,2012AJ....144...99D,0,0.794,0.09002645,0.017342567,0.017599637,0.017806424,0.018012064,-11.030216,-11.159817,-11.288697,-5.3984356,-5.461865,-5.5249414,-12.607078,-12.755205,-12.90251
5115463180914712448,54.572021668602574,-11.49906945105181,0.017121375,0.01729646,61.88605,0.021998767,1458.2007,0.02084605,-2696.5452,0.021518556,12.066338,13.255437,10.986762,1.3803025,1.4495507,0,-84.49877,0.62724745,2018A&A...616A...1G,1,1.0,0.2137037,0.016146522,0.016153544,0.016159065,0.01616471,-10.211436,-10.214926,-10.218494,-3.609159,-3.610392,-3.6116536,-11.984888,-11.988983,-11.993173
5117974602912370432,34.74269374763958,-25.943711129253515,0.017514728,0.018396268,77.91402,0.029494971,-217.7341,0.023190495,444.6089,0.023825755,6.147864,6.518684,5.598161,1.2137781,1.0706407,2,7.259273,0.21902698,2018A&A...616A...1G,1,1.0,0.0911859,0.012823886,0.012829838,0.012834813,0.0128394095,-3.547172,-3.5485477,-3.5498185,-2.4331906,-2.4341342,-2.435006,-12.087262,-12.091949,-12.096279
5129338021224785408,41.277321981998256,-18.572408740298428,0.11339818,0.10492387,70.04587,0.1598574,318.56775,0.18155588,48.170708,0.15767117,4.3308682,4.585217,3.93988,1.1771624,1.1891063,0,27.585108,1.3599762,2018A&A...616A...1G,1,1.0,0.058234125,0.014205964,0.014248492,0.014279319,0.014310057,-6.1438365,-6.157129,-6.170383,-2.3380647,-2.3431232,-2.348167,-12.64145,-12.6688,-12.696071
5134635708766250752,28.208951776479687,-22.43486455959262,0.014682291,0.012924406,90.41709,0.021281939,845.632,0.020183843,-1.5052937,0.016012553,8.186272,9.119309,7.2316756,1.321111,0.9196096,0,12.05554,0.17665087,2018A&A...616A...1G,1,1.0,0.19922711,0.010856839,0.010856839,0.011058699,0.01106165,-2.6237311,-2.672514,-2.673227,-0.8355019,-0.85103637,-0.85126346,-10.501853,-10.697114,-10.699967
5138510181584617856,31.2762752397911,-17.615403066083893,0.18795231,0.15924877,107.2972,0.23074427,1275.2181,0.3042396,-169.70135,0.18918723,9.17051,10.436235,8.0406685,1.4176859,15.138265,17,23.34,0.87,2002ApJS..141..503N,0,1.0,0.10913059,0.009271762,0.009296662,0.0093180295,0.009338675,-3.0723205,-3.0793817,-3.0862045,-0.40595847,-0.40689152,-0.40779305,-8.764929,-8.785074,-8.804539
5140693571158739840,24.771554293454546,-17.948299887129313,0.427904,0.33828592,367.71188,0.74180114,3385.316,0.67216444,544.3864,0.3787539,10.507542,12.820644,9.067688,1.6715958,12.367461,9,,,,0,0.928,0.12537342,0.0027066893,0.0027141548,0.002719639,0.002725274,-0.6689435,-0.6702952,-0.671684,0.05240509,0.052510984,0.052619785,-2.6299057,-2.6352198,-2.6406798
5140693571158946048,24.771674208211856,-17.947682860008488,0.33532688,0.28195217,373.8443,0.50087124,3178.6943,0.42692018,584.06134,0.30229247,10.817838,13.252207,9.423653,1.5971872,10.453167,10,29.0,2.0,1953GCRV..C......0W,0,0.886,0.13648453,0.0026669952,0.0026713514,0.0026748795,0.0026784698,-0.658415,-0.6592846,-0.6601695,0.05159816,0.05166631,0.051735654,-2.5884254,-2.5918438,-2.5953226
5153091836072107136,45.462424511757,-16.59453280551054,0.01709052,0.019182492,145.69218,0.024446325,-369.97183,0.029098382,-267.9313,0.028365023,10.058402,11.475932,8.88558,1.4363106,1.0732157,3,,,,0,1.0,0.14277744,0.006861001,0.0068625915,0.006863687,0.0068649133,-3.399391,-3.3999336,-3.400541,-1.2701107,-1.2703134,-1.2705404,-5.8246136,-5.8255434,-5.826584
5159273530961537280,44.543868419797654,-12.882602840627078,0.024014708,0.028574008,86.957436,0.03548757,274.15436,0.027559433,539.5079,0.030173521,11.579974,12.9174795,10.4414425,1.4128011,1.3890574,0,100.31753,0.9956864,2018A&A...616A...1G,1,1.0,0.12900794,0.011489465,0.01149549,0.01149992,0.011504493,-6.0639663,-6.0663033,-6.068715,-1.4647833,-1.4653478,-1.4659305,-9.655517,-9.659238,-9.663078
5160075762132996992,43.13567823945298,-12.770554604772986,0.025136318,0.019976985,96.52004,0.025844626,397.35263,0.03548857,-189.28117,0.025454741,5.8122654,6.259414,5.199105,1.2208242,1.0150049,0,17.91143,0.13585214,2018A&A...616A...1G,1,1.0,0.10559163,0.010354051,0.0103575755,0.010360431,0.010363321,-5.329228,-5.330697,-5.332184,-1.1402355,-1.1405499,-1.140868,-8.80787,-8.810298,-8.812755
5164120762333028736,55.811663307520355,-9.760083664068041,0.18459857,0.1413769,110.02539,0.19444616,-93.634056,0.19973063,744.3604,0.15795508,3.2755666,3.85296,2.6867616,1.1500926,2.9923291,0,-6.23,0.0001,2018A&A...616A...7S,0,1.0,0.095988505,0.009052794,0.009073473,0.009089127,0.009104331,-5.9922423,-6.0025816,-6.0126224,-1.9565744,-1.9599503,-1.9632288,-6.5263114,-6.537572,-6.5485077
5164707970261890560,53.22829341517546,-9.458168216292322,0.12144193,0.09303789,310.5773,0.13549915,-974.7581,0.15972257,20.87584,0.120366044,3.465752,3.9824479,2.8421502,1.198171,2.7166147,0,,,,0,1.0,0.06424062,0.0032165302,0.0032184578,0.0032198795,0.0032212404,-2.0695705,-2.0704846,-2.0713599,-0.5872385,-0.5874979,-0.5877462,-2.3938463,-2.3949034,-2.3959157
5165286828773802880,53.91772804822145,-8.491094316993587,0.034302857,0.026498564,76.613075,0.039453976,1521.077,0.041128904,-321.44592,0.03276761,13.848975,16.141737,12.476759,1.5774715,1.4562451,0,,,,0,1.0,0.083333336,0.013037579,0.013045554,0.0130520975,0.013058871,-8.592763,-8.597074,-8.601535,-2.3226352,-2.3238003,-2.3250062,-9.537099,-9.541883,-9.546835
5170039467784804096,51.24784690007301,-5.367170566006298,0.022830652,0.01970278,65.26068,0.027728027,-230.8832,0.025693651,-768.4793,0.021619657,7.4652786,8.087434,6.713721,1.2499659,0.95712316,0,-13.372653,0.12199565,2018A&A...616A...1G,1,1.0,0.07451923,0.015307818,0.015316892,0.015323317,0.01532988,-10.21813,-10.222416,-10.226794,-1.643844,-1.6445335,-1.6452378,-11.291358,-11.296095,-11.300933
5183110874332308480,47.9036106160578,-4.278627146775743,0.030860884,0.026900763,65.58408,0.034095965,164.69153,0.04191671,-382.44897,0.03774055,12.117315,13.648435,10.916781,1.4488379,1.5119205,0,,,,0,1.0,0.04520202,0.015228549,0.0152394045,0.015246982,0.015255043,-9.85818,-9.863081,-9.868296,-0.8315198,-0.83193314,-0.832373,-11.591562,-11.597325,-11.603457
5185165891628969984,40.314644601412986,-4.538542485444145,0.033959184,0.035131734,81.19893,0.044579778,352.76465,0.042424116,-57.91696,0.041703507,12.250948,14.045924,10.976293,1.5005046,1.7146044,0,21.609,2.653,2017AJ....153...75K,0,1.0,0.037979797,0.012299219,0.01230931,0.012316203,0.012322511,-6.9763546,-6.980261,-6.9838357,0.36404192,0.36424577,0.3644323,-10.134943,-10.140617,-10.145811
5185493447310441728,42.81745198144149,-3.8882601693023133,0.15673375,0.15253049,86.293205,0.18863557,1112.6625,0.1826983,-1853.86,0.17197865,18.002083,21.664816,16.401794,1.862775,1.1777321,0,1.26,0.13,2010ApJ...723..684B,0,1.0,0.026587302,0.011532394,0.011563894,0.011589149,0.011614657,-6.9340405,-6.949184,-6.9644794,0.10770241,0.10793763,0.1081752,-9.253709,-9.273918,-9.294331
5203276810942065536,139.28558758927346,-77.82674697465572,0.025537424,0.027474238,105.03359,0.026477605,636.1923,0.037468106,-806.5293,0.03582386,11.5566025,13.409413,10.258115,1.5235224,1.4497317,3,,,,0,1.0,0.06066498,0.009515163,0.009518183,0.009520519,0.009522974,3.4416583,3.442503,3.4433906,-8.284108,-8.286141,-8.288278,-3.1818783,-3.1826591,-3.1834798
5213167330349528064,117.3008524617764,-76.70272278517169,0.017865324,0.018063689,91.826324,0.018486017,-102.15356,0.023059612,-192.91818,0.023277672,10.162108,11.558282,8.993873,1.434989,1.0714872,0,1.229,3.221,2017AJ....153...75K,0,1.0,0.12152117,0.010707319,0.010707319,0.010889055,0.010891775,3.1922395,3.2464218,3.2472324,-9.315334,-9.473445,-9.47581,-4.2048573,-4.276227,-4.2772946
5224460173763882496,174.52796501310212,-77.3607589439316,0.027007325,0.02824028,119.34189,0.030471839,-2063.8289,0.038078148,616.5934,0.039443497,12.816201,15.045261,11.456882,1.565184,1.2848089,0,,,,0,1.0,0.1848034,0.008374415,0.008377513,0.008379611,0.008381539,3.9025638,3.903541,3.904439,-7.0855885,-7.087363,-7.0889935,-2.1787968,-2.1793425,-2.179844
5243594081269535872,145.69216012443803,-68.87998537875298,0.022829989,0.023831153,153.75934,0.02489855,-75.82824,0.029123876,1128.8488,0.028421892,11.133258,12.993792,9.839672,1.5163196,1.0661858,0,,,,0,1.0,0.13131313,0.0065010483,0.0065025985,0.006503696,0.0065047876,1.8875711,1.8878897,1.8882066,-6.0747986,-6.075824,-6.0768437,-1.3482158,-1.3484434,-1.3486696
5249863805819472640,145.71175224473672,-63.631908378052884,0.020520465,0.020286344,95.47592,0.021433007,508.34167,0.025503108,62.943516,0.025218546,11.763151,13.556836,10.485071,1.5049714,1.1391742,1,,,,0,1.0,0.17065832,0.01046834,0.010471486,0.010473864,0.01047618,2.4617724,2.4623318,2.4628763,-10.072306,-10.0745945,-10.076822,-1.4629874,-1.4633199,-1.4636433
5254061535106490112,161.08527551332452,-61.20263830459439,0.037177417,0.0391901,206.96977,0.04479964,-346.2076,0.05000522,1611.1,0.051150113,11.859422,14.155519,10.474081,1.5953184,0.9512852,4,,,,0,1.0,0.149186,0.0048292885,0.0048305467,0.0048315874,0.004832604,1.5101069,1.5104322,1.5107499,-4.5852995,-4.5862875,-4.587252,-0.1696721,-0.16970867,-0.16974436
5260451999698559872,97.69447071943821,-76.71691328105032,0.115504175,0.16976097,112.598755,0.1308523,-14.368533,0.14262685,447.1979,0.2561198,13.44563,,,,2.2610457,0,,,,0,0.918,,0.008858392,0.008870638,0.008880375,0.008890676,2.4279191,2.430584,2.4334035,-7.4822345,-7.490447,-7.499136,-4.099951,-4.1044507,-4.109212
5260451999700465536,97.69292692592067,-76.71700457680214,0.08672049,0.10010151,112.6584,0.093428634,-36.20683,0.11078153,524.2455,0.15210754,13.215869,15.287722,11.399487,2.3502433,1.2741823,27,,,,0,1.0,0.1056512,0.008859197,0.0088694105,0.008876368,0.008882898,2.427587,2.4294915,2.4312785,-7.481171,-7.48704,-7.492547,-4.0994325,-4.1026483,-4.105666
5260759175761501696,98.42498690791187,-75.62874086458727,0.01633246,0.017399872,113.13045,0.016938346,-297.9547,0.020423213,280.58734,0.019915504,9.3847475,10.694307,8.24563,1.4189659,1.0885247,0,12.032,0.0009,2018A&A...616A...7S,0,1.0,0.15010281,0.008836328,0.008838208,0.00883987,0.008962,2.264696,2.2651215,2.2964158,-7.5194864,-7.5209,-7.624807,-4.0549235,-4.055686,-4.111718
5260759175761502976,98.43896955100807,-75.62380392415764,0.017775623,0.017748863,113.13179,0.0176141,-328.76294,0.02238957,263.11682,0.020662433,10.212167,11.677434,9.024885,1.444478,1.1390804,1,,,,0,1.0,0.14313099,0.008836062,0.008837855,0.008839258,0.008840646,2.2639802,2.2643394,2.264695,-7.5196495,-7.520843,-7.5220237,-4.054251,-4.0548944,-4.055531
5264749303457104384,92.5589813200266,-74.75420492762049,0.07337327,0.11566251,97.86661,0.089776866,96.50002,0.086043075,-195.92665,0.1540924,12.365336,,,,1.4341322,55,,,,0,1.0,,0.010197273,0.010209295,0.010218153,0.010226477,2.429824,2.4319322,2.4339135,-8.610014,-8.617484,-8.624504,-4.91867,-4.922938,-4.926948
5264749303462961280,92.56235755341913,-74.75398809344104,0.050095413,0.06839713,97.915794,0.057268422,121.595825,0.05672467,-212.41087,0.09824687,4.9001403,5.256069,4.368095,1.20963,1.3641096,0,36.145493,0.12547229,2018A&A...616A...1G,1,1.0,0.1339881,0.01019965,0.010206782,0.010212489,0.01021847,2.4292037,2.4305618,2.4319854,-8.60798,-8.612792,-8.617837,-4.9173226,-4.920072,-4.9229536
5271055243163629056,124.53289609935437,-68.31451297878304,0.014212374,0.016547402,94.26636,0.015486798,94.793785,0.018168053,-340.08432,0.019535838,10.605513,11.960904,9.457217,1.4201959,1.2720871,1,-5.827,1.14,2017AJ....153...75K,0,1.0,0.21790163,0.010603993,0.010606296,0.010608123,0.010609895,2.0704477,2.070804,2.07115,-9.895925,-9.897629,-9.899282,-3.2058449,-3.2063968,-3.2069325
5272690766709543680,125.3567266023035,-67.05262825043658,0.019804014,0.018245209,93.671974,0.019502597,-397.34302,0.025979234,660.19135,0.022118274,15.077436,15.588746,14.41087,1.2305883,0.94042635,0,,,,0,1.0,0.8085287,0.010670806,0.010673386,0.010675575,0.01067775,1.9232771,1.9236716,1.9240637,-10.041433,-10.043493,-10.04554,-3.0646014,-3.0652301,-3.0658548
5273943488410008832,118.30118445721946,-67.79867244988867,0.01144508,0.011561106,122.41302,0.011389391,1467.1234,0.01406614,-1489.7211,0.015046423,13.777515,14.1209345,13.261633,1.2055327,1.0526336,0,,,,0,1.0,0.7895998,0.008023731,0.008023731,0.008111082,0.008169601,1.341621,1.3562267,1.3660113,-7.446932,-7.5280037,-7.582315,-2.668993,-2.698049,-2.7175143
5278042880077383040,124.37351805519963,-61.91613022264878,0.37790695,0.40831646,191.83624,0.41861156,-156.45125,0.5067487,1099.3657,0.5030782,20.0352,21.742388,18.231085,2.3679893,1.2428653,0,,,,0,0.998,0.05277778,0.005186198,0.0052011507,0.005212903,0.005224615,0.530901,0.5321006,0.5332961,-5.009753,-5.0210733,-5.032354,-1.2932454,-1.2961676,-1.2990797
5292028393100840320,110.21409706569334,-62.16902108648849,0.0152220465,0.014366919,89.19703,0.014730229,-285.68152,0.020663215,194.79732,0.016649827,11.13792,12.59205,9.955813,1.4404434,0.9225171,0,36.092,1.639,2017AJ....153...75K,0,1.0,0.15202288,0.010959473,0.010959473,0.011210442,0.011212607,0.59247094,0.60603833,0.6061554,-10.248964,-10.483663,-10.485687,-3.8363724,-3.9242241,-3.924982
5299440441521812992,140.39914047697528,-60.2811438583444,0.013158122,0.013986737,95.69817,0.014502031,-840.1851,0.01746285,182.05551,0.017497323,8.680594,9.699792,7.6768575,1.3446327,1.0209795,0,40.115,0.0006,2018A&A...616A...7S,0,1.0,0.18239631,0.010226024,0.010226024,0.01044903,0.010450856,1.6887846,1.7256132,1.7259146,-10.001413,-10.2195215,-10.221307,-1.3005012,-1.3288623,-1.3290944
5302788969815543936,129.50851733832945,-58.934301092646784,0.2372503,0.2215876,89.99289,0.23559035,-56.972977,0.315557,-313.65402,0.30198315,14.539931,17.33036,12.878723,1.9994947,6.22123,74,,,,0,1.0,0.113082014,0.0110445125,0.011080551,0.011111837,0.011140042,0.93873405,0.94138455,0.9437741,-10.849584,-10.8802185,-10.907836,-2.0454597,-2.0512352,-2.0564418
5332606522595645952,176.45664661730092,-64.843052846102,0.013777223,0.015097591,215.67528,0.018143972,2661.6396,0.018192463,-344.9325,0.019402547,11.423104,11.515765,11.230018,1.1687531,0.8742317,0,,,,0,1.0,0.36214766,0.0045942636,0.0045942636,0.004636463,0.004636881,2.0135605,2.0320554,2.0322387,-4.1231656,-4.1610374,-4.1614127,-0.228781,-0.23088239,-0.23090322
5334356223546958464,171.15924236861943,-61.648013531415735,0.017329203,0.01724658,85.61287,0.021384621,-556.65643,0.022010652,88.845314,0.0201324,8.075447,8.955378,7.151615,1.3081756,1.1235892,0,4.902768,0.14717247,2018A&A...616A...1G,1,1.0,0.110480115,0.011673307,0.011677231,0.011680335,0.011683419,4.528429,4.529633,4.530829,-10.762944,-10.765806,-10.768648,-0.10037412,-0.100400805,-0.100427315
5393446658454453632,162.05388771666577,-39.93962594730691,0.033428483,0.039554797,247.21559,0.051197793,-1179.3112,0.055921696,-988.1215,0.055926006,14.005882,17.617006,12.46335,1.7687683,1.0446762,0,-11.0,2.0,2015ApJS..220...18B,0,1.0,0.21107805,0.00396933,0.00396933,0.0040447223,0.004045744,0.57275593,0.5836347,0.58378214,-3.7512083,-3.8224578,-3.8234234,1.1644598,1.1865772,1.1868769
5412250540681250560,146.12137189336056,-45.77909735114582,0.010832597,0.011967924,106.17268,0.014093538,-462.6209,0.014188146,-582.66766,0.015172922,9.158753,10.373461,8.058181,1.3968651,0.9715037,1,46.956875,0.36751905,2018A&A...616A...1G,1,1.0,0.20924237,0.009319554,0.009319554,0.009417971,0.009419619,0.36300477,0.36683822,0.3669024,-9.267031,-9.364892,-9.366531,0.9189475,0.9286518,0.92881435
5535361753834861312,115.04626042327716,-42.958948811779244,0.018889965,0.02056522,125.30285,0.02152292,-483.45847,0.024456015,504.77432,0.024794802,12.030774,14.073357,10.699945,1.5444989,1.0951318,0,,,,0,1.0,0.1689436,0.00797805,0.007979629,0.007981244,0.0081213275,-1.8543627,-1.8547381,-1.8872918,-7.637059,-7.638605,-7.772675,-1.3824364,-1.3827162,-1.4069852
5550620058937466880,95.27757860461126,-49.09274147732291,0.014903108,0.0171586,85.909744,0.016728261,-26.326117,0.018888261,255.07283,0.022698548,12.016486,13.54747,10.815858,1.4489709,1.2027154,0,-6.305,1.233,2017AJ....153...75K,0,1.0,0.15608077,0.011635169,0.011637904,0.011640126,0.011642426,-2.3341022,-2.3345478,-2.335009,-10.292149,-10.294113,-10.296148,-4.9055533,-4.90649,-4.9074597
5559035514776717312,104.43647190771412,-44.291651313997995,0.03506969,0.03886926,124.356895,0.039878186,-1172.1891,0.050886545,-125.36987,0.05050896,10.381962,11.800207,9.160427,1.4930713,2.8755577,8,,,,0,1.0,0.18495852,0.008035766,0.008039068,0.008041469,0.008043874,-2.0724761,-2.073095,-2.073715,-7.3810997,-7.383304,-7.3855114,-2.4188492,-2.4195716,-2.420295
5559035514779971456,104.4373295461301,-44.29139605439596,0.0437247,0.047462482,124.56955,0.049491733,-1118.0734,0.06305355,-48.934414,0.067031786,10.418207,11.823463,9.18865,1.5050523,1.6439328,1,-20.3,10.0,1996AJ....112.2799H,0,1.0,0.09906205,0.008019622,0.008024326,0.008027675,0.008030813,-2.0686855,-2.0695488,-2.0703578,-7.3675904,-7.370665,-7.373546,-2.4143248,-2.4153323,-2.4162765
5639391810273308416,130.37950135632184,-32.93649496565008,0.011610207,0.01605129,117.396126,0.020453347,-1061.1577,0.015683083,1345.8999,0.021145772,11.822395,11.900727,11.670317,1.1589615,1.3352805,0,29.3,2.9,2006A&A...447..173P,0,1.0,0.4611446,0.008327445,0.008327445,0.008517419,0.008519238,-2.2110631,-2.2615042,-2.261987,-7.9876304,-8.169853,-8.1715975,0.8095036,0.8279709,0.82814765
5700706729031126656,123.17043503163158,-21.55502398567159,0.014906714,0.015152334,123.20329,0.02362702,13.458424,0.01725299,-693.9869,0.01909765,10.67168,12.363419,9.416186,1.4905331,1.1012337,5,6.3,0.9,2016A&A...596A.116S,0,1.0,0.21212685,0.008113549,0.008116016,0.0081927115,0.00832045,-3.849386,-3.8857622,-3.946348,-7.0786033,-7.145495,-7.2569056,0.97227746,0.98146534,0.99676806
5717278911884258176,115.09192337695882,-17.41606611553706,0.01023486,0.010978539,109.34396,0.018100515,1138.69,0.018136192,-542.5559,0.015911164,12.970207,13.089419,12.747707,1.1664762,1.022184,0,-10.0,13.4,2002AJ....124.1118S,0,1.0,0.69251347,0.009142339,0.009144344,0.009146199,0.00937928,-5.3743753,-5.3754654,-5.5124536,-7.387645,-7.3891435,-7.577448,0.3972729,0.39735347,0.4074796
5717278911884264576,115.0860829678518,-17.415137719851018,0.02219157,0.024417335,109.254486,0.03917484,1152.243,0.038188595,-536.41174,0.035935283,13.95689,16.885386,12.506049,1.6504498,1.0867008,0,,,,0,1.0,0.15694444,0.009145112,0.009149484,0.009152765,0.009156155,-5.3778725,-5.3798013,-5.381794,-7.3914886,-7.3941393,-7.3968782,0.39679503,0.39693737,0.3970844
5753687109122994048,128.9248121022928,-8.321818266749508,0.15826875,0.1302357,138.31473,0.21448307,-534.8113,0.22877994,301.64966,0.23623087,,,16.847324,,1.4177389,0,29.89,0.06,2010ApJ...723..684B,0,1.0,,0.0072036386,0.007219148,0.007228993,0.0072406665,-4.102006,-4.1076,-4.114233,-5.4700494,-5.477509,-5.486354,2.3169389,2.3200984,2.323845
5761985432616501376,133.39836837028676,-3.4931644292214545,0.056819335,0.03344919,115.48757,0.07259748,-516.6054,0.08192922,-199.65184,0.051992696,15.888929,19.109976,14.351721,1.7715129,0.8789975,0,7.0,2.0,2015ApJS..220...18B,0,1.0,0.067815654,0.008646647,0.008653593,0.008658532,0.008664018,-4.900896,-4.903693,-4.9068,-6.1179075,-6.121399,-6.125277,3.6656659,3.667758,3.6700814
5776161813992756992,262.3503788640829,-80.14714892351998,0.0144708445,0.015823282,78.506195,0.017186068,-518.0373,0.019639147,472.90018,0.021301733,10.92762,12.405219,9.734407,1.4492357,1.0543816,1,34.614,1.758,2017AJ....153...75K,0,1.0,0.20517136,0.012358225,0.012358225,0.012736734,0.012740322,7.7372336,7.9742107,7.9764566,-8.30199,-8.556264,-8.558675,-4.8926373,-5.04249,-5.0439105
5808612830236138368,247.1198786603902,-70.08390985846162,0.08986086,0.11458071,82.86994,0.16266629,200.74222,0.10667355,109.34149,0.15235424,4.7439675,5.039831,4.30314,1.1839815,2.1055434,0,10.393397,1.6249644,2018A&A...616A...1G,1,1.0,0.033630952,0.012015117,0.012043928,0.012066408,0.012091211,8.867788,8.884341,8.902603,-7.5653043,-7.5794253,-7.595005,-3.0306249,-3.0362818,-3.042523
5846275093531511936,215.5706327308375,-70.3954746504146,0.016023783,0.018450554,77.76993,0.022123115,-793.5688,0.018941445,-418.55023,0.023185587,13.560653,15.661355,12.227021,1.5424451,1.1866372,0,,,,0,1.0,0.28565657,0.012463444,0.012463444,0.01285715,0.012861541,7.99205,8.24451,8.247325,-9.368899,-9.664852,-9.668152,-1.9204967,-1.981163,-1.9818395
5848753805085988352,223.53849427608563,-66.08142937993206,0.2241127,0.282062,93.94183,0.36514124,483.49414,0.24460885,-359.35846,0.36079028,18.461712,21.611277,16.662884,2.2465672,1.9924947,16,,,,0,0.978,0.052228328,0.01055527,0.010607025,0.0106447,0.010686112,7.449828,7.4762897,7.505375,-7.46546,-7.4919767,-7.5211234,-1.129573,-1.1335851,-1.1379952
5853498713190525696,217.39232147200883,-62.67607511676666,0.023999203,0.03443618,768.0665,0.049872905,-3781.741,0.031386077,769.465,0.050524533,8.984749,11.373116,7.5685353,1.6316793,0.97145325,11,-22.4,0.5,2006A&A...460..695T,0,1.0,0.21443602,0.0012770584,0.0012770584,0.0013019451,0.0013020444,0.8854278,0.9026826,0.9027514,-0.91927654,-0.93719095,-0.93726236,-0.042736605,-0.043569434,-0.043572757
5866992641380992256,214.76617301528017,-59.38264069990895,0.01220937,0.015500155,84.60291,0.021768823,-454.96777,0.016487727,-810.6092,0.021535266,6.354505,6.8676977,5.683081,1.2332904,0.9239907,0,-18.489256,0.13450749,2018A&A...616A...1G,1,1.0,0.2635019,0.0115458295,0.0115458295,0.011818625,0.011822424,8.001307,8.190355,8.192987,-8.317439,-8.513957,-8.516693,0.3247749,0.3324484,0.33255526
5895265380327966464,213.30650650722762,-56.741262094420925,0.010605678,0.013281188,85.72401,0.018292425,354.01324,0.013920986,179.06854,0.0166175,9.343476,10.448863,8.298997,1.3635552,1.1325172,1,52.220913,0.24636017,2018A&A...616A...1G,1,1.0,0.18064246,0.0116599435,0.011662885,0.011665577,0.011668139,8.079687,8.0815525,8.083327,-8.363912,-8.365842,-8.36768,0.88686275,0.8870675,0.88726234
5918660719983560192,266.6334444727895,-57.32506180218072,0.036374,0.03472266,169.8042,0.046469025,-1116.9095,0.04607181,-1353.9275,0.04745149,9.592273,11.001,8.416265,1.4415545,0.97503436,2,-42.937,0.0008,2018A&A...616A...7S,0,1.0,0.15457071,0.005727323,0.005727323,0.0058882213,0.0058902446,5.038538,5.1800866,5.181866,-2.3178375,-2.382953,-2.3837717,-1.4293321,-1.4694865,-1.4699914
5946986063671469824,263.8059466621306,-48.67780401885913,0.04553818,0.034008037,103.202705,0.046161182,-8.65835,0.05029893,501.7491,0.031746414,11.613846,13.205047,10.35664,1.5074564,1.2927895,0,,,,0,1.0,0.115832776,0.009679305,0.009685357,0.009689628,0.009693754,9.110346,9.114365,9.118245,-2.9461765,-2.947476,-2.9487307,-1.4586884,-1.4593318,-1.4599531
5946986063684477056,263.80723698261943,-48.67877743078911,0.019225746,0.015549765,103.30805,0.021558356,74.06915,0.024321679,470.1658,0.014680631,9.293614,10.480064,8.208224,1.3870054,0.9890191,0,-22.938,0.0007,2018A&A...616A...7S,0,1.0,0.19092412,0.009675529,0.009677858,0.009679775,0.009681894,9.103243,9.105045,9.107039,-2.9439468,-2.9445298,-2.9451747,-1.4577655,-1.4580542,-1.4583734
5951165616611763456,259.7726543146931,-46.63575837613547,0.04968997,0.043720953,113.75134,0.07254689,1029.6095,0.085671164,106.93497,0.073817015,5.3014293,5.708797,4.734677,1.2077719,0.81725454,0,26.03561,0.19670802,2018A&A...616A...1G,1,0.992,0.12875,0.008778026,0.008785353,0.008790956,0.0087969825,8.334156,8.339472,8.345189,-2.6594656,-2.6611617,-2.662986,-0.8071572,-0.807672,-0.8082257
5951165616635298816,259.7685324639266,-46.63635961449501,0.3495679,0.30287832,113.28575,0.43021867,952.03516,0.48283255,138.38031,0.42960048,7.987019,9.0009,6.975858,1.3533046,17.542185,0,25.05777,1.0711033,2018A&A...616A...1G,1,1.0,0.059722222,0.008747392,0.008794529,0.00882718,0.008861662,8.34279,8.373763,8.406474,-2.6625597,-2.6724446,-2.6828842,-0.807697,-0.8106956,-0.8138625
5951824121022278144,262.1701639221161,-46.89910489864381,0.024713613,0.017735574,219.64626,0.026228724,572.5685,0.039771337,-880.58264,0.027025519,8.336431,9.658231,7.193375,1.4208988,1.054375,0,-2.904,0.0004,2018A&A...616A...7S,0,1.0,0.12975168,0.004551557,0.0045522396,0.004552815,0.0045533953,4.322914,4.323461,4.324012,-1.3214815,-1.3216486,-1.321817,-0.5375729,-0.5376409,-0.5377094
5955305209191546112,264.26088738973226,-44.323382243038424,0.027164215,0.023952208,199.6944,0.031152742,-705.94507,0.03495059,-938.07996,0.021445652,9.602153,11.2452345,8.340336,1.5053432,1.0140452,7,,,,0,1.0,0.15509379,0.0050060744,0.0050071124,0.00500795,0.005094616,4.825436,4.826243,4.909765,-1.2048674,-1.2050688,-1.2259235,-0.578478,-0.5785747,-0.5885874
5975663354131618304,259.75125274377365,-34.997795092684065,0.020031165,0.01642577,138.06627,0.028331729,1131.5171,0.025284708,-215.5689,0.020072456,9.386162,10.588366,8.294535,1.3900913,0.95609975,2,5.6770945,0.25323027,2018A&A...616A...1G,1,1.0,0.13455988,0.007075604,0.007075604,0.007242502,0.0072442815,7.001878,7.1670365,7.1687975,-1.0037806,-1.0274576,-1.02771,0.17409194,0.17819838,0.17824216
5985290231327158144,235.1951774625917,-51.028101306904475,0.03586713,0.030805876,187.72897,0.04963138,1949.4615,0.049766965,-324.78912,0.049594145,12.7359295,15.514997,11.288808,1.6521852,1.0455922,0,,,,0,1.0,0.0985582,0.005323331,0.005325384,0.005326806,0.005328246,4.5101852,4.5113897,4.5126095,-2.813953,-2.8147044,-2.8154652,0.31561342,0.3156977,0.31578302
6002807341299977216,233.0469274248337,-41.28017408697192,0.021405336,0.01636738,168.9965,0.027027713,-1176.447,0.029093288,-1030.9703,0.020793993,8.2741785,9.566771,7.139158,1.417859,1.0352235,0,21.459,0.0003,2018A&A...616A...7S,0,1.0,0.22113878,0.0059151496,0.0059164297,0.0059175896,0.006066756,5.1385965,5.1396036,5.2691593,-2.6558888,-2.6564093,-2.7233703,1.2430693,1.243313,1.2746534
6021430250773348736,245.01042208462846,-37.524610446713915,0.024118178,0.018680625,117.471596,0.029081289,-748.03937,0.03211439,988.1035,0.027110754,9.495382,10.836117,8.347611,1.4224384,1.1693292,0,27.982,0.0007,2018A&A...616A...7S,0,1.0,0.14949916,0.008507793,0.008510573,0.008512704,0.008514783,8.008088,8.010094,8.012051,-2.55975,-2.560391,-2.5610163,1.3221376,1.3224688,1.3227917
6021430250773733632,245.00935124845444,-37.52540960854646,0.08410944,0.06100911,117.67913,0.107052565,-681.2791,0.13162991,1049.9507,0.11726557,12.898023,14.946816,11.444944,1.7147684,0.9960213,0,,,,0,1.0,0.17818548,0.008479864,0.008489749,0.0084973015,0.008505163,7.988441,7.995547,8.002944,-2.553651,-2.5559227,-2.5582874,1.3189089,1.3200821,1.3213034
6133474952391837824,190.18807526858592,-43.563321977327206,0.020968992,0.021047024,124.185135,0.029509502,-782.08997,0.024142688,689.56134,0.02580564,10.983478,12.4602165,9.7969675,1.4416074,1.0842718,0,-35.294,0.0023,2018A&A...616A...7S,0,1.0,0.17172138,0.0080481125,0.008051158,0.0080534555,0.008216298,3.9009657,3.9020789,3.9809797,-6.522778,-6.524639,-6.6565685,2.656499,2.6572568,2.710987
6135947032490329472,194.7766445532381,-43.607963562590925,0.053015463,0.040233534,129.42879,0.06204019,1102.9193,0.06342597,-264.53638,0.049224913,14.83373,18.276545,13.307965,1.746433,1.0970733,0,,,,0,1.0,0.0625,0.0077174664,0.007722521,0.00772617,0.0077299247,4.1194577,4.121404,4.123407,-6.015839,-6.0186815,-6.0216064,2.5450115,2.546214,2.5474515
6153483658836320384,189.70080543573764,-38.387409124376816,0.027737042,0.020913543,150.07811,0.032217305,-665.16364,0.032372553,-1312.6384,0.025047397,11.226226,13.010629,9.951601,1.5018251,1.3560535,5,,,,0,1.0,0.17628488,0.006659649,0.006661779,0.006663263,0.006664773,3.0524902,3.0531702,3.0538623,-5.241923,-5.2430906,-5.244279,2.7538774,2.7544909,2.7551153
6224387727748521344,224.1569594505724,-28.167254151481732,0.05747713,0.046074666,141.78912,0.061730128,-490.28528,0.07766933,-843.48206,0.061251283,14.061078,17.335106,12.566201,1.7034214,1.2567197,1,1.0,2.0,2015ApJS..220...18B,0,1.0,0.21190716,0.007045759,0.0070499075,0.007053046,0.007055974,5.636412,5.6389213,5.6412625,-2.7631302,-2.7643604,-2.7655082,3.2089193,3.210348,3.211681
6232511606838403968,224.37159427348143,-21.423140396261676,0.053909555,0.046794567,169.88428,0.06534182,1031.4719,0.06761191,-1723.6189,0.05478082,5.3640366,5.9606276,4.637024,1.2409074,1.2978287,0,26.808235,0.12810844,2018A&A...616A...1G,1,1.0,0.20905724,0.00588121,0.0058841575,0.0058863517,0.005888517,4.6004643,4.60218,4.603873,-1.8361659,-1.8368506,-1.8375263,3.1760871,3.1772716,3.1784403
6306068659857135232,226.94794579637428,-16.46512505032577,0.1966968,0.2435287,134.9474,0.26107797,-151.79462,0.25991312,-896.01215,0.2785964,17.951569,21.170837,16.338354,1.8973225,1.1632786,0,-39.85,0.05,2010ApJ...723..684B,0,1.0,0.10601852,0.007379567,0.0073973252,0.007411507,0.0074260267,5.807909,5.8190436,5.830444,-1.6531078,-1.656277,-1.6595218,4.2726865,4.2808776,4.289264
6322070093095493504,229.85630133329227,-7.722707024157902,0.026961956,0.020996986,158.71828,0.030101538,-1221.2776,0.03665181,-97.22924,0.026740635,9.421787,10.813405,8.251837,1.4377834,1.3033525,0,,,,0,1.0,0.13958514,0.006297558,0.006299271,0.006300434,0.0063016005,4.798158,4.799044,4.799933,-0.4981979,-0.49828988,-0.49838215,4.0509615,4.0517097,4.0524597
6324325225803432320,218.56843175696892,-12.516923853592898,0.036605746,0.036683086,159.92255,0.054619387,-355.13812,0.052832775,593.04016,0.043415446,9.894982,11.569429,8.646179,1.4847639,1.4434574,0,-1.426,0.0012,2018A&A...616A...7S,0,1.0,0.12708333,0.006247814,0.0062508644,0.0062529813,0.006255141,4.2402534,4.2416897,4.2431545,-1.6771017,-1.6776696,-1.6782491,4.275615,4.277063,4.27854
6342940473056949120,326.6919266604704,-85.71878034422768,0.018319398,0.020506987,64.29184,0.02091091,236.2045,0.025584904,-195.3242,0.025932092,11.946005,13.687561,10.676908,1.5005538,1.25746,0,23.5,0.7,2014ApJ...788...81M,0,1.0,0.12831123,0.015542905,0.015549038,0.015553937,0.01555877,8.005692,8.008214,8.010702,-10.819572,-10.822982,-10.8263445,-7.7857776,-7.7882304,-7.7906504
6343789261675614464,346.8620932514289,-84.86803600287753,0.01600646,0.014849141,64.80313,0.016734958,604.5122,0.02206378,-75.55869,0.019620873,13.507704,15.407805,12.214415,1.5112631,1.3276523,1,,,,0,1.0,0.15564695,0.015422467,0.015427873,0.01543182,0.015435671,7.634848,7.6368017,7.6387076,-10.674584,-10.677315,-10.67998,-8.110585,-8.11266,-8.114686
6343965492773694464,352.6454136504384,-84.92220191651951,0.023915168,0.024846997,78.61124,0.026747927,-271.9751,0.032675244,-62.770317,0.031883217,12.884933,14.669537,11.619224,1.4906633,1.6420068,0,,,,0,1.0,0.12956978,0.012710077,0.0127166575,0.0127213,0.012725498,6.193205,6.195466,6.1975102,-8.846188,-8.849417,-8.852337,-6.715844,-6.7182956,-6.720513
6347643496607835520,290.23830738848443,-82.55995922053808,0.016313588,0.017385202,80.11338,0.020635756,342.3,0.025329312,-1230.2965,0.022139486,11.412538,12.935528,10.2091465,1.4535198,0.9607942,2,,,,0,1.0,0.22878307,0.012475062,0.012479178,0.012481919,0.0124850515,7.280615,7.282214,7.2840424,-8.292617,-8.294437,-8.29652,-5.8270946,-5.8283744,-5.829838
6348672845649310464,318.32847993315755,-81.8219328385306,0.01370141,0.014051449,61.808662,0.015287907,264.13892,0.018676603,-379.9768,0.01794632,13.605912,13.664463,13.510103,1.146911,1.0396963,0,,,,0,1.0,0.8799062,0.016170155,0.016175335,0.016179068,0.016182529,8.988477,8.990552,8.992475,-10.430074,-10.432481,-10.434712,-8.488954,-8.490912,-8.492728
6349094336559890944,311.67110431814064,-81.72287607644574,0.015827822,0.016204586,93.74305,0.018379763,539.76917,0.0244798,-544.241,0.02110478,10.387828,11.758444,9.235005,1.4223616,1.1533512,0,,,,0,1.0,0.1910564,0.010394944,0.010394944,0.010666747,0.010669037,5.8987975,6.0530367,6.0543365,-6.6951094,-6.87017,-6.8716455,-5.3324065,-5.471836,-5.473011
6357629089412187648,337.64687646646456,-75.26487529214928,0.03190892,0.03449195,66.50947,0.037933405,409.51346,0.039646126,-1827.8767,0.045868017,16.443058,17.160511,15.63285,1.2622919,0.95733833,0,,,,0,1.0,0.83267677,0.015016774,0.015026833,0.015035249,0.01504376,8.1070385,8.11158,8.116171,-8.462395,-8.467134,-8.471928,-9.405823,-9.411091,-9.416418
6357630601240673792,337.67375451280134,-75.24012453291444,0.02851331,0.0313551,66.47071,0.033906218,410.96854,0.037637185,-1825.8354,0.041449357,16.185328,16.840204,15.414818,1.2526362,0.93442327,0,,,,0,1.0,0.88362795,0.015026744,0.0150370365,0.015044527,0.015052139,8.112022,8.116063,8.12017,-8.463374,-8.46759,-8.471874,-9.416945,-9.421637,-9.426403
6363251682639715968,307.02948825519866,-76.67659445129135,0.0146525735,0.018295377,77.6958,0.020767504,723.6617,0.020212958,-1242.623,0.022804765,12.379461,14.111747,11.119824,1.4900506,1.1949011,0,,,,0,1.0,0.25266233,0.012862374,0.0128674265,0.01287079,0.012873955,8.027791,8.02989,8.031864,-7.417656,-7.4195952,-7.4214196,-6.7899637,-6.791739,-6.793409
6364795328244240256,272.81643002055984,-78.98860780809746,0.081024334,0.097027294,85.71192,0.11387588,97.70129,0.1002069,278.72934,0.12798437,12.732754,,,,2.2036557,10,,,,0,1.0,,0.011631925,0.011651948,0.0116671,0.0116834855,7.469374,7.4790874,7.489591,-7.5007167,-7.510471,-7.5210185,-4.869865,-4.876198,-4.883046
6364795328246346112,272.81495048666767,-78.9883353114025,0.3336579,0.3808148,85.63407,0.4624373,64.590836,0.4091081,297.74216,0.48490056,11.240905,12.929583,9.830215,1.6965392,20.175114,29,23.807,5.462,2017AJ....153...75K,0,0.994,0.11279406,0.011538168,0.011621049,0.011682926,0.011743092,7.4496145,7.48928,7.527849,-7.4808197,-7.520652,-7.5593824,-4.8568873,-4.882748,-4.9078937
6377828354964753792,358.46317351524806,-75.63421868521044,0.014079833,0.014841221,98.84898,0.01670537,244.10854,0.018762236,-379.31363,0.021882515,9.00723,10.245567,7.896639,1.4025168,1.0414745,0,-9.626117,0.21560186,2018A&A...616A...1G,1,1.0,0.13816679,0.010112558,0.010114869,0.010116498,0.010118251,4.662023,4.662774,4.663582,-6.0498567,-6.0508313,-6.051879,-6.6313915,-6.6324596,-6.6336083
6378584028690858496,343.92147125181526,-75.4633768500233,0.013617463,0.01476277,116.31337,0.016823512,-1026.2025,0.018067643,-1059.4066,0.018554317,9.292778,10.615032,8.147194,1.4236225,1.1405014,0,65.856,0.0007,2018A&A...616A...7S,0,1.0,0.17478114,0.008594701,0.008596406,0.008597956,0.008717826,4.4342713,4.435071,4.496903,-4.9255466,-4.9264345,-4.995117,-5.4748907,-5.475878,-5.5522203
6380214844952702848,354.90793158181526,-72.72542944515125,0.015497395,0.015245764,87.37235,0.018673154,143.73558,0.02210608,-736.9071,0.023242185,6.753961,7.2918344,6.057794,1.2411386,1.0490867,0,69.69,0.12369146,2018A&A...616A...1G,1,1.0,0.14474086,0.0114395,0.011442756,0.01144523,0.011447647,5.3643646,5.3655243,5.3666577,-6.3554964,-6.35687,-6.3582125,-7.8592577,-7.8609567,-7.8626165
6381623044470172672,340.4960624875462,-75.00821792446833,0.021705652,0.023287704,80.395966,0.027306559,-75.78683,0.029295431,217.18338,0.029648684,13.919268,16.210314,12.550576,1.5727816,1.2429888,0,,,,0,1.0,0.097222224,0.012428988,0.012434374,0.012438477,0.012442507,6.5830226,6.585195,6.5873284,-6.996285,-6.998594,-7.000861,-7.894901,-7.897506,-7.900065
6385548541499112448,340.4963344829453,-69.17220908339867,0.015383282,0.014817746,67.21235,0.018697714,334.41937,0.021282766,-726.9859,0.020385733,13.36496,15.425902,12.036604,1.5393823,1.1623862,0,,,,0,1.0,0.12739298,0.014868535,0.01487403,0.014878131,0.0148821045,7.9949646,7.997169,7.999305,-7.135947,-7.137915,-7.1398215,-10.314822,-10.317667,-10.320422
6386280060329151616,358.3593934660763,-70.94461574811649,0.021025913,0.019914445,81.13616,0.025188835,315.55542,0.024875406,33.24149,0.027974183,11.622757,13.255802,10.38935,1.4720714,1.1931175,0,0.596,2.439,2017AJ....153...75K,0,1.0,0.047036756,0.01231526,0.012320646,0.012324715,0.012328719,5.514452,5.5162735,5.5180655,-6.661041,-6.6632414,-6.6654058,-8.776085,-8.778983,-8.781836
6391176735363140480,347.41689707264794,-67.73377304225099,0.014504707,0.015394724,67.3957,0.019784715,-318.0451,0.017669404,-214.0678,0.020214159,7.8316374,8.515599,7.033202,1.264449,0.92953765,0,4.6210074,0.16704491,2018A&A...616A...1G,1,1.0,0.14516044,0.0148280095,0.014833483,0.014837799,0.014842092,7.4102707,7.4124265,7.4145713,-6.998972,-7.001008,-7.003034,-10.776572,-10.779707,-10.782826
6401464693867773568,321.61171581249374,-65.3626399731515,0.06368195,0.070908375,108.01021,0.10606345,80.81525,0.079900935,800.5727,0.09307411,4.0891333,4.349649,3.644071,1.2047256,2.1638815,0,-29.836266,0.19164662,2018A&A...616A...1G,1,1.0,0.06898148,0.0092372075,0.009249243,0.009258141,0.0092670685,5.99321,5.9989753,6.00476,-3.721651,-3.7252312,-3.7288234,-5.9815764,-5.9873304,-5.993104
6405457982659103872,333.46143166945996,-63.702023164643734,0.023409428,0.028212087,72.07483,0.036034543,116.01557,0.031325795,170.43074,0.03797282,14.630174,17.272535,13.204845,1.6279918,1.226546,0,,,,0,1.0,0.036111113,0.013858549,0.013868196,0.01387473,0.01388117,8.111587,8.115409,8.119176,-5.3499722,-5.352493,-5.354977,-9.894787,-9.899449,-9.904044
6409685433069148288,329.90241321791643,-59.75337286630774,0.01174008,0.012842587,86.56131,0.01739932,886.0461,0.012489865,-125.52952,0.015567729,8.91724,9.957043,7.904309,1.3483238,1.1466546,0,12.576862,0.2018587,2018A&A...616A...1G,1,1.0,0.16397579,0.011547168,0.011550226,0.011552576,0.011554914,7.099773,7.1012173,7.1026545,-3.6682312,-3.6689775,-3.66972,-8.339367,-8.341063,-8.342751
6412595290592307840,330.8724078795965,-56.79725466122902,0.0686946,0.065466,274.84314,0.09561499,3966.6606,0.08557088,-2536.192,0.09221277,4.322904,4.9079766,3.610557,1.2343402,1.1482686,0,-40.50448,0.23018494,2018A&A...616A...1G,1,1.0,0.234516,0.0036354656,0.0036371907,0.0036384682,0.0036397183,2.2238052,2.2245862,2.2253506,-0.9824093,-0.9827543,-0.983092,-2.7053132,-2.7062633,-2.7071931
6412596012146801152,331.07645259656397,-56.79381206688221,0.50480086,0.4675873,270.65802,0.6895573,3981.9766,0.6016568,-2466.8318,0.6256827,18.056162,21.142073,16.060108,2.6885402,4.2955413,8,,,,0,0.928,0.10793651,0.0036731188,0.0036860516,0.003695149,0.0037037418,2.2480083,2.2535565,2.258797,-0.99646866,-0.998928,-1.001251,-2.7459943,-2.7527716,-2.759173
6421389047155380352,283.9552174797081,-69.24056104171599,0.019230876,0.030811254,86.1409,0.042240176,459.16318,0.02642151,-693.10535,0.040844776,14.226747,16.842222,12.802619,1.6278583,1.1882803,0,,,,0,1.0,0.100505054,0.011596676,0.011603657,0.011609345,0.011615097,8.681625,8.685881,8.690185,-5.839374,-5.842236,-5.845131,-5.017564,-5.020023,-5.02251
6427464123776727168,302.19503988923026,-66.18709128441725,0.05416815,0.084849305,163.95442,0.12218077,1211.7606,0.07212469,-1130.2369,0.10327922,3.3641381,3.8463583,2.8270798,1.1554333,2.8562405,0,-21.543,0.0001,2018A&A...616A...7S,0,1.0,0.18246692,0.006088975,0.0060943817,0.006098864,0.0061035296,4.444439,4.4477077,4.4511104,-2.5907998,-2.5927052,-2.5946887,-3.2674468,-3.26985,-3.2723513
6439125097427143808,281.29804386226,-63.96056736658412,0.07134625,0.08305385,249.66515,0.1330301,2583.1897,0.09070165,588.50415,0.10340071,14.02148,17.564142,12.451222,1.8155406,1.2620903,0,,,,0,1.0,0.099007934,0.0040003215,0.004003044,0.0040051145,0.0040071863,3.2264614,3.22813,3.2297997,-1.7500151,-1.7509202,-1.7518258,-1.5974222,-1.5982484,-1.5990751
6456884409233519360,315.805198569885,-56.96185322955984,0.02316508,0.020693662,80.021126,0.031032525,-357.10968,0.02931524,354.38736,0.026024189,11.549987,13.041293,10.356031,1.4477667,1.3178142,0,25.951,9.267,2017AJ....153...75K,0,1.0,0.09313187,0.012484989,0.012491999,0.0124968095,0.0125016775,8.945622,8.949067,8.952554,-3.2978485,-3.2991183,-3.3004036,-8.07156,-8.074668,-8.077813
6491249026683800832,344.09817116277344,-60.0678541150227,0.019875698,0.022318179,96.33615,0.030034969,-521.0512,0.024994334,-939.24475,0.025651779,12.299438,14.251071,10.985523,1.5319904,1.4772485,0,,,,0,1.0,0.13480338,0.010372818,0.010377138,0.010380394,0.01038332,5.3170056,5.318674,5.3201737,-3.6259801,-3.6271179,-3.6281404,-8.140436,-8.142991,-8.145287
6508401923473282432,335.5661138004264,-54.5595680078303,0.012444576,0.014685101,76.15946,0.019678587,-184.20186,0.017321521,234.97461,0.019357357,8.409995,9.203866,7.5403485,1.2867904,1.1431462,1,-5.602173,0.17024654,2018A&A...616A...1G,1,1.0,0.10244981,0.013122673,0.013127118,0.013130477,0.013133757,7.5443687,7.5462985,7.5481834,-3.1640873,-3.1648967,-3.1656873,-10.266075,-10.268701,-10.271266
6517274496976569344,340.0810637443171,-49.517146869093644,0.015707344,0.021190515,83.85769,0.027883355,468.72565,0.018739102,172.13239,0.022314472,13.1612015,15.210733,11.828575,1.5461696,1.2030228,0,,,,0,1.0,0.08944444,0.011915842,0.011921301,0.011925356,0.011929089,6.290865,6.293006,6.2949758,-2.004817,-2.0054991,-2.0061269,-9.925881,-9.929259,-9.932367
6517274535632335872,340.08216256511923,-49.51636312272299,0.019893182,0.027366873,83.93672,0.03589504,459.544,0.02280741,144.83575,0.028999913,13.356599,15.499135,12.004172,1.5635893,1.4167646,0,-28.094,8.741,2017AJ....153...75K,0,1.0,0.018518519,0.011902437,0.011909067,0.011914108,0.0119189,6.2842646,6.2869244,6.2894526,-2.0026414,-2.0034893,-2.0042949,-9.9158125,-9.92001,-9.923999
6553614253923452800,346.5039166796005,-35.8471642082214,0.017067203,0.014150638,304.13538,0.01999573,6765.995,0.020218689,1330.2853,0.016431512,6.5220323,7.5897913,5.491506,1.3587297,0.9320045,0,8.17291,0.14485402,2018A&A...616A...1G,1,1.0,0.26439393,0.0032876986,0.0032881778,0.0033301385,0.0033395966,1.3327761,1.3497838,1.3536172,0.11888205,0.12039912,0.12074106,-3.0036125,-3.041942,-3.0505815
6562924609150908416,323.3912518776402,-49.01263039681064,0.018149199,0.014290497,201.3252,0.023687575,-45.91675,0.02340184,-816.87494,0.01842646,7.739947,8.902462,6.6625524,1.3840325,1.0965127,0,12.522689,0.14970441,2018A&A...616A...1G,1,1.0,0.19503908,0.00496586,0.0049666893,0.0049673524,0.0050337883,3.3672607,3.3677104,3.4127517,-0.6442902,-0.6443763,-0.65299445,-3.5936677,-3.5941477,-3.6422174
6575069780231675264,330.6269230434408,-37.08193913674626,0.039663084,0.028729787,130.4186,0.053442273,805.6869,0.045148376,-229.74141,0.035757963,10.46742,12.009242,9.2538805,1.4624281,1.0637844,2,,,,0,1.0,0.09659091,0.0076602674,0.0076642046,0.0076674884,0.0076707285,4.5629625,4.564918,4.566847,0.51486784,0.5150885,0.5153061,-6.136311,-6.1389403,-6.1415343
6579485487647973888,322.70477274528395,-40.71438758943439,0.023173613,0.017137805,82.09206,0.027700448,1046.6422,0.028957943,-1396.3063,0.020787733,11.778023,13.375048,10.548469,1.4728653,1.1730206,0,,,,0,1.0,0.16218854,0.012170478,0.012176702,0.01218114,0.012185307,8.32467,8.327703,8.330553,0.18251954,0.18258606,0.18264854,-8.884742,-8.8879795,-8.891021
6583272171336048640,319.2950181380955,-38.872456400701786,0.025754329,0.01851325,251.91243,0.03516071,-3258.9663,0.029930007,-1145.8624,0.025867643,5.984104,6.8927255,5.0391383,1.31914,0.8343736,1,20.5617,0.12656169,2018A&A...616A...1G,1,1.0,0.24557924,0.003898153,0.003898153,0.003969472,0.003970099,2.7861671,2.8371415,2.8375897,0.18976937,0.1932413,0.19327183,-2.7197163,-2.769475,-2.7699125
6604147121141267712,344.10194140173917,-31.56626896213439,0.019884847,0.024580948,131.5525,0.027515385,330.20337,0.02341889,-158.60234,0.028369356,6.0918646,6.6866508,5.3463383,1.2557448,0.9246975,0,6.996585,0.15753172,2018A&A...616A...1G,1,1.0,0.17174242,0.0075978143,0.007599932,0.007601663,0.0076032286,3.132453,3.1331663,3.1338117,0.8943847,0.89458835,0.8947726,-6.8663516,-6.867915,-6.86933
6623351805412369024,342.0203381724408,-24.369627417603155,0.025028853,0.024601119,130.27066,0.03249052,331.6087,0.030834762,-183.80495,0.030936169,11.129232,12.877803,9.86308,1.4959437,1.2056623,0,6.5,0.5,2013AJ....146..154M,0,1.0,0.092036754,0.007672041,0.0076746475,0.007676413,0.007678171,3.0520983,3.0528002,3.0534995,1.8799884,1.8804208,1.8808515,-6.786056,-6.7876167,-6.789171
6650117736660187136,280.7780058472517,-54.61562415094667,0.023735946,0.021737734,97.65984,0.030533677,-137.71062,0.027317168,-492.5757,0.022625536,11.496225,13.234105,10.233873,1.4926572,1.1467581,2,,,,0,1.0,0.11622054,0.0102323685,0.010236732,0.010239736,0.010242866,9.063303,9.065963,9.068734,-3.0962026,-3.097111,-3.0980577,-3.6139662,-3.6150267,-3.6161318
6663600360560306560,290.20411626707914,-45.57110617010142,0.047061797,0.040549576,169.23509,0.05884779,658.7754,0.060187377,-2896.1497,0.045200467,10.752913,12.519102,9.472213,1.5118383,1.2843816,2,,,,0,1.0,0.23942761,0.005904257,0.0059069563,0.005908906,0.0059109344,5.352019,5.3537855,5.3556232,-0.71914893,-0.71938634,-0.7196333,-2.3939197,-2.3947098,-2.395532
6673000841376349696,303.4773905559996,-45.16473054247641,0.016657144,0.015147223,162.2171,0.022484917,778.331,0.02004672,-159.93883,0.017635535,7.2426615,8.190446,6.278736,1.3257185,1.0053535,0,-33.45834,0.5191639,2018A&A...616A...1G,1,1.0,0.22999634,0.0061625266,0.00616385,0.006164992,0.0062429775,5.149484,5.1504383,5.21559,-0.46806455,-0.46815127,-0.47407326,-3.3551116,-3.3557334,-3.3981824
6697578465310949376,302.8022690433109,-36.10821653736984,0.08532555,0.066447034,166.32721,0.106505066,458.88174,0.09990689,-1576.732,0.07346191,5.033037,5.506255,4.404858,1.2197398,0.94949293,0,-129.30493,0.13863906,2018A&A...616A...1G,1,1.0,0.1620665,0.0060036345,0.006008611,0.006012388,0.006016227,5.132836,5.136062,5.139342,0.46944878,0.46974388,0.47004384,-3.0882065,-3.0901477,-3.092121
6779821003058453120,312.5691416793731,-34.413153176093374,0.026703026,0.019062042,104.13101,0.03460256,335.76898,0.0363569,-297.0362,0.032257777,12.0486,13.935938,10.752785,1.515981,1.2660687,1,,,,0,1.0,0.09670996,0.009595951,0.009600037,0.009603451,0.00960673,7.425536,7.428177,7.4307137,1.189038,1.1894609,1.189867,-5.9672694,-5.969392,-5.9714303
6882963066420161664,313.1361327596479,-16.974558468206272,0.031105608,0.01550153,177.93123,0.03653056,-309.11502,0.04104025,37.050907,0.025808834,10.081701,11.736595,8.835035,1.4849694,1.0382286,2,16.308,0.0017,2018A&A...616A...7S,0,1.0,0.1076091,0.005524093,0.005524093,0.0056197545,0.0056210444,3.94959,4.0179853,4.018908,2.2952964,2.3350446,2.3355806,-3.1061158,-3.159905,-3.1606302
